code,name,details,priceCJ,pricePZ,imageUrl,offers
AC0748,AC. NUTRIOLI AC.PUR.SOYA 800M,12 / 800 ML,$425.91,$35.49,https://i.postimg.cc/8PgJf4mh/AC0748.jpg,OFERTA
AC0474,AC. NUTRIOLI ACEITE SOYA 400M,12 / 400 ML,$202.18,$16.85,https://i.postimg.cc/YCkWZR4p/AC0474.jpg,OFERTA
AC0101,AC. VEGETAL 1-2-3 1L,12 / 1 LT,$503.54,$41.96,https://i.postimg.cc/g0z2qBxZ/AC0101.jpg,OFERTA
AC0103,AC. VEGETAL 1-2-3 500M,24 / 500 ML,$513.89,$21.41,https://i.postimg.cc/tgBCrt6m/AC0103.jpg,OFERTA
AC0770,AC. VILLACAMPO 800ML,12 / 800 ML,$372.74,$31.06,https://i.postimg.cc/rmvdJNX2/AC0711.jpg,OFERTA
AD0103,AD. KRAFT CHEEZ WHIZ NAT.,24 / 235 ML,"$1,512.85",$63.04,https://i.postimg.cc/TYcwL6w6/AD0103.jpg,OFERTA
AD0127,AD. KRAFT CHEZZ W.NATURAL,12 / 120 GR,$429.83,$35.82,https://i.postimg.cc/htPGV5z7/AD0127.jpg,OFERTA
AE0155,BUFALO ACEITUNA DESH. 220GR,24 / 220 GR,"$1,055.91",$44.00,https://i.postimg.cc/28CjfKxX/AE0155.jpg,OFERTA
AE0154,BUFALO ACEITUNA MANZANILLA,24 / 150 GR,$637.84,$26.58,https://i.postimg.cc/GpZ2nxYt/AE0154.jpg,OFERTA
AE0135,BUFALO ACEITUNA MANZANILLA,24 / 190 GR,$570.03,$23.75,https://i.postimg.cc/nrJFrRfr/AE0135.jpg,OFERTA
AF1820,ELECTROLIFE ZERO F.KIWI. 625M,12 / 625 ML,$231.62,$19.30,https://i.postimg.cc/sX8WLRW8/AF1820.jpg,OFERTA
AF2052,ELECTROLIFE ZERO FRAMBUESA AZUL 625 MLS.,12 / 625 ML,$231.62,$19.30,https://i.postimg.cc/N0CHh3V1/AF2052.jpg,OFERTA
AF1819,ELECTROLIFE ZERO P.FRUT. 625M,12 / 625 ML,$231.41,$19.28,https://i.postimg.cc/9MzT1fDZ/AF1819.jpg,OFERTA
AF1823,ELECTROLIFE ZERO UVA 625M,12 / 625 ML,$231.62,$19.30,https://i.postimg.cc/XqC5SDcv/AF1823.jpg,OFERTA
AF2476,ELECTROLIT .NAR/MAND. 625M,12 / 625 ML,$230.40,$19.20,https://i.postimg.cc/Y2WmVyxW/AF2476.jpg,OFERTA
AF2474,ELECTROLIT COCO 625ML,12 / 625 ML,$230.40,$19.20,https://i.postimg.cc/wvts9W8n/AF2474.jpg,OFERTA
AF1328,ELECTROLIT FRES KIWI 625M,12 / 625 ML,$230.40,$19.20,https://i.postimg.cc/L8rrmqp6/AF1328.jpg,OFERTA
AF2475,ELECTROLIT FRESA 625ML,12 / 625 ML,$230.40,$19.20,https://i.postimg.cc/Y0YGWhS3/AF2475.jpg,OFERTA
AF1331,ELECTROLIT LIMA LIM625M,12 / 625 ML,$230.40,$19.20,https://i.postimg.cc/mD4JF0kv/AF1331.jpg,OFERTA
AF2473,ELECTROLIT MANZANA 625ML,12 / 625 ML,$230.40,$19.20,https://i.postimg.cc/nz69rvnr/AF2473.jpg,OFERTA
AF1528,ELECTROLIT MORA AZUL 625M,12 / 625 ML,$230.40,$19.20,https://i.postimg.cc/QN4YXBgG/AF1528.jpg,OFERTA
AF2050,ELECTROLIT PONCHE DE FRUTAS 625ML,12 / 625 ML,$230.40,$19.20,https://i.postimg.cc/9M4CMXjB/AF2050.jpg,OFERTA
AF1327,ELECTROLIT UVA 625M,12 / 625 ML,$230.40,$19.20,https://i.postimg.cc/52HhcBDR/AF1327.jpg,OFERTA
AF1824,ELECTROLIT ZERO MORA AZUL 625 MLS.,12 / 625 ML,$231.62,$19.30,https://i.postimg.cc/3WQvKCnF/AF1824.jpg,OFERTA
AG0116,AGUA E PURA PET 1.5LT,12 / 1.5 LT,$133.76,$11.15,https://i.postimg.cc/kXPtdFjh/AG0116.jpg,OFERTA
AG0117,AGUA E PURA PET 1LT,12 / 1 LT,$116.88,$9.74,https://i.postimg.cc/zXwHDb6D/AG0117.jpg,OFERTA
AG0209,AGUA E PURA PET 600ML,12 / 600 ML,$84.72,$7.06,https://i.postimg.cc/qvkhNBHs/AG0209.jpg,OFERTA
AM0146,CAMPEON AD.RECETAS CASERA,25 / KG,$768.84,$30.75,https://i.postimg.cc/13jmyym5/AM0146.jpg,OFERTA
AM0147,CAMPEON CACHO.REC.CASERAS,20 / KG,$840.69,$42.03,https://i.postimg.cc/43HJdjyv/AM0147.jpg,OFERTA
AM0119,DOG CHOW ADULT.RAZAS PEQ.,25 / KG,$943.36,$37.73,https://i.postimg.cc/zXpDPn4h/AM0119.jpg,OFERTA
AM0363,DOG CHOW CACHORRO RP 20K,20 / KG,$984.33,$49.22,https://i.postimg.cc/qv9PmqBn/AM0363.jpg,OFERTA
AM0441,GATINA POLLO JARD,15 / KG,$517.34,$34.49,https://i.postimg.cc/5y7G8NkX/AM0441.jpg,OFERTA
AM0555,MININO PLUS RES-POLLO-PAV,10 / KG,$593.00,$59.30,https://i.postimg.cc/ncNSx58f/AM0555.jpg,OFERTA
AM0660,PEDIGREE ADU. RES/VEG+2K,22 / KG,$794.45,$36.11,https://i.postimg.cc/vH52QhG1/AM0660.jpg,OFERTA
AM0636,PEDIGREE ADULTO RES/VEG 20K,20 / KG,$804.36,$40.22,https://i.postimg.cc/W3KY4fDZ/AM0636.jpg,OFERTA
AM0404,PEDIGREE RAZA.PEQU.20k,20 / KG,$802.19,$40.11,https://i.postimg.cc/G2j6hjFJ/AM0404.jpg,OFERTA
AM0251,PODER CANINO 25K,25 / KG,$557.16,$22.29,https://i.postimg.cc/sxTFKJ1D/AM0251.jpg,OFERTA
AM1319,WHISKAS RECETA ORIGINAL,20 / KG,$860.37,$43.02,https://i.postimg.cc/GtGKm3n0/AM1319.jpg,OFERTA
AR0546,GLADE ABRAZO/VAINILL.400M 400M,12 / 400 ML,$617.54,$51.46,https://i.postimg.cc/jSF7BVBy/AR0546.jpg,OFERTA
AR0398,GLADE AERO HAWAIIAN BRZ,12 / 400 ML,$617.54,$51.46,https://i.postimg.cc/25145jnH/AR0398.jpg,OFERTA
AR0289,GLADE AERO JARDIN CAMP,12 / 400 ML,$617.54,$51.46,https://i.postimg.cc/bwNxK9rf/AR0289.jpg,OFERTA
AR0482,GLADE AERO MZNA CAN,12 / 400 ML,$617.54,$51.46,https://i.postimg.cc/TYTgDJr5/AR0482.jpg,OFERTA
AR0484,GLADE AERO PARAISO AZUL,12 / 400 ML,$617.54,$51.46,https://i.postimg.cc/VL4MB0RG/AR0484.jpg,OFERTA
AR0659,GLADE ALEGRIA FLORA Y FRUTOS ROJOS GEL,12 / 70 GR,$151.45,$12.62,https://i.postimg.cc/pdd3qpb8/AR0659.jpg,OFERTA
AR0657,GLADE LAVANDA GEL HOME,12 / 70 GR,$151.45,$12.62,https://i.postimg.cc/Nf6h03k1/AR0657.jpg,OFERTA
AR0658,GLADE LIMON GEL HOME,12 / 70 GR,$151.45,$12.62,https://i.postimg.cc/t4pKnBrQ/AR0658.jpg,OFERTA
AR0660,GLADE MORA RADIANTE GEL HOME,12 / 70 GR,$151.45,$12.62,https://i.postimg.cc/zfP6M8qZ/AR0660.jpg,OFERTA
AR0621,GLADE MORA RADIANTE.275M,12 / 275 ML,$437.85,$36.49,https://i.postimg.cc/76MbHjts/AR0621.jpg,OFERTA
AR0618,GLADE MORA RADIANTE.400M,12 / 400 ML,$617.54,$51.46,https://i.postimg.cc/ydzkz7j3/AR0618.jpg,OFERTA
AR0540,PAST. FLASH BRISA MAR.72G,48 / 72 GR,$612.53,$12.76,https://i.postimg.cc/Cx18vMrF/AR0540.jpg,OFERTA
AR0184,PAST. FLASH GANCHO FLORAL,48 / 72 GR,$612.53,$12.76,https://i.postimg.cc/xTPGx40P/AR0184.jpg,OFERTA
AR0182,PAST. FLASH GANCHO LAVAND,48 / 72 GR,$612.53,$12.76,https://i.postimg.cc/L6SBVpMX/AR0182.jpg,OFERTA
AR0648,PAST. PATO TWIN PACK,12 / 2 UNI,$388.84,$32.40,https://i.postimg.cc/x18Tk43q/AR0648.jpg,OFERTA
AT0299,ATUN EL DORADO ACE24/130G,24 / 130 GR,$287.83,$11.99,https://i.postimg.cc/ry7F6VpV/AT0299.jpg,OFERTA
AT0298,ATUN EL DORADO AGUA 130G,24 / 130 GR,$287.83,$11.99,https://i.postimg.cc/k4P60Jvb/AT0298.jpg,OFERTA
AT0296,ATUN MARINERO EN ACEITE 120GR,24 / 120 GR,$287.60,$11.98,https://i.postimg.cc/h4ZcLSm8/AT0206.jpg,OFERTA
AT0297,ATUN MARINERO EN AGUA 120GR,24 / 120 GR,$287.60,$11.98,https://i.postimg.cc/QC2zfnhD/AT0297.jpg,OFERTA
AT0293,ATUN MAZATUN AGUA 130G,48 / 130 GR,$809.18,$16.86,https://i.postimg.cc/hjGNvdpk/AT0293.jpg,OFERTA
AT0192,ATUN MAZATÚN ENS-MAYO CUP 24,24 / 135 GR,$531.58,$22.15,https://i.postimg.cc/9fqmbwSh/AT0192.jpg,OFERTA
AT0341,ATUN NAIR ACEITE 120GR,48 / 120 GR,$608.99,$12.69,https://i.postimg.cc/jqnt4p4G/AT0341.jpg,OFERTA
AT0340,ATUN NAIR AGUA 120GR,48 / 120 GR,$608.99,$12.69,https://i.postimg.cc/HnMmWMLp/AT0340.jpg,OFERTA
BL0201,BLANCATEL CONCENTRADO,6 / 3.7 LT,$224.61,$37.44,https://i.postimg.cc/vBB9KYZ7/BL0201.jpg,OFERTA
BL0307,CLORALEX 1.9L+100ML,8 / 2 LT,$212.33,$26.54,https://i.postimg.cc/g0r8ScJV/BL0307.jpg,OFERTA
BL0509,CLORALEX 250ML,30 / 250 ML,$163.41,$5.45,https://i.postimg.cc/4x2h9C5m/BL0509.jpg,OFERTA
BL0503,CLORALEX 3.7 LTS.,6 / 3.7 LT,$275.39,$45.90,https://i.postimg.cc/5N3zfQQ5/BL0503.jpg,OFERTA
BL0314,CLORALEX 500ML 20+2GRAT,22 / 500 ML,$176.17,$8.01,https://i.postimg.cc/vHxNDVrM/BL0314.jpg,OFERTA
BL0299,CLORALEX 850+100ML,15 / 950 ML,$215.57,$14.37,https://i.postimg.cc/MK8068Pw/BL0299.jpg,OFERTA
BL0289,CLORALEX 950M+1PINOL 500M,12 / 950 ML,$194.71,$16.23,https://i.postimg.cc/jjjQpQ8J/bl0289.jpg,OFERTA
BL0518,CLORALEX GARRAFON,1 / 10 LT,$132.82,$132.82,https://i.postimg.cc/FK2dTjwv/BL0518.jpg,OFERTA
BL0126,CLORALEX ROPA COLOR 950ML,15 / 950 ML,$476.36,$31.76,https://i.postimg.cc/g0pHgbh4/BL0126.jpg,OFERTA
BL0602,CLORALUZ 900 MLLS.,12 / 900 ML,$130.47,$10.87,https://i.postimg.cc/qRytSNd3/BL0602.jpg,OFERTA
BL0310,CLORALUZ REG 500ML,20 / 500 ML,$126.65,$6.33,https://i.postimg.cc/5tGvZcYZ/BL0310.jpg,OFERTA
BL0409,CLOROX 1.8 LTS.,8 / 1.8 LT,$177.97,$22.25,https://i.postimg.cc/G3vYS5c5/BL0409.jpg,OFERTA
BL0408,CLOROX 3.8 LTS.,6 / 3.8 LT,$240.82,$40.14,https://i.postimg.cc/br0tDsCh/BL0408.jpg,OFERTA
BL0106,CLOROX CONCENTRADO 500ML,20 / 500 ML,$155.12,$7.76,https://i.postimg.cc/PrB48wrg/BL0106.jpg,OFERTA
BL0279,CLOROX DUO ROPACOLOR 930M,7 / 2 UNI,$323.17,$46.17,https://i.postimg.cc/yYFPcNgW/BL0279.jpg,OFERTA
BL0311,CLOROX MAX. PUREZA 1.16LT,15 / 1.16 LT,$196.18,$13.08,https://i.postimg.cc/zBgWNdT3/BL0311.jpg,OFERTA
BL0405,CLOROX REG.930M,15 / 930 ML,$196.18,$13.08,https://i.postimg.cc/qqHKv8Gw/BL0405.jpg,OFERTA
BL0107,CLOROX ROPA COLO.LIQ.S/C. 930ML,15 / 930 ML,$439.00,$29.27,https://i.postimg.cc/13wK038f/BL0107.jpg,OFERTA
BL0135,CLOROX ROPA COLOR 500ML,12 / 500 ML,$205.54,$17.13,https://i.postimg.cc/ZqLFgsFm/BL0135.jpg,OFERTA
BP0251,ACT II PAL. CHILE/LIMON,4 / 15 UNI,$897.22,$224.31,https://i.postimg.cc/wvXvFnh5/BP0251.jpg,OFERTA
BP0243,ACT II PAL. EXTRA MANT. EXHIB,6 / 14 UNI,$974.47,$162.41,https://i.postimg.cc/vZKcmrYn/BP0243.jpg,OFERTA
BP0256,ACT II PAL. INFERNO 88 GRS.,4 / 15 UNI,$902.44,$225.61,https://i.postimg.cc/x1Xnjb9z/BP0256.jpg,OFERTA
BP0244,ACT II PAL. MANTEQUILLA EXHIB,6 / 14 UNI,$974.47,$162.41,https://i.postimg.cc/xdbqNX84/BP0244.jpg,OFERTA
BP0245,ACT II PAL. NATURAL EXHIB,6 / 14 UNI,$974.47,$162.41,https://i.postimg.cc/tTQJ39VC/BP0245.jpg,OFERTA
BP0264,ACT II PAL. QUESO EXTREMO 89G,4 / 15 UNI,$902.44,$225.61,https://i.postimg.cc/jSDSBDHS/BP0264.jpg,OFERTA
BP0252,ACT II PAL. QUESO JALAPEÑO 89G,4 / 15 UNI,$902.43,$225.61,https://i.postimg.cc/J0KhCJYG/BP0252.jpg,OFERTA
BR0202,BRILL. PALMOLIVE LIQUIDA,12 / 115 ML,$560.76,$46.73,https://i.postimg.cc/sD62nYZL/BR0202.jpg,OFERTA
BR0203,BRILL. PALMOLIVE LIQUIDA,12 / 52 ML,$348.27,$29.02,https://i.postimg.cc/3xzxh31C/BR0203.jpg,OFERTA
BT0699,ACT II PAL. RTE CHILE LIMON 50g,12 / 50 GR,$138.05,$11.50,https://i.postimg.cc/Pf6hhtrp/BT0699.jpg,OFERTA
BT0568,PRINGLES CREMA Y CEBOLLA 40G,12 / 40 GR,$178.74,$14.90,https://i.postimg.cc/28KzdCsR/BT0568.jpg,OFERTA
BT0851,PRINGLES PAPAS CREMA CEBOLLA,12 / 37 GR,$166.24,$13.85,https://i.postimg.cc/G2WNLKB6/BT0851.jpg,OFERTA
BT0854,PRINGLES PAPAS LA ADOBADA,12 / 37 GR,$166.24,$13.85,https://i.postimg.cc/wTcPzh9G/BT0854.jpg,OFERTA
BT0850,PRINGLES PAPAS ORIGINAL,12 / 35 GR,$166.24,$13.85,https://i.postimg.cc/hjz6R6Gr/BT0850.jpg,OFERTA
BT0852,PRINGLES PAPAS QUESO NACHO,12 / 37 GR,$166.24,$13.85,https://i.postimg.cc/QN7w62wZ/BT0852.jpg,OFERTA
BT0728,SABRITAS SABRISURTIDO 35s,1 / 35 UNI,$275.88,$275.88,https://i.postimg.cc/rspkWHgw/BT0728.jpg,OFERTA
CA0232,INTERNACIONAL CAFÉ SOL ME,12 / 100 GR,$596.61,$49.72,https://i.postimg.cc/GttW9yhB/CA0232.jpg,OFERTA
CA0230,INTERNACIONAL CAFÉ SOL ME,12 / 50 GR,$300.46,$25.04,https://i.postimg.cc/Y9dcp3kK/CA0230.jpg,OFERTA
CA0673,NESCAFE CAPP.VAIN.SIC. 22GR,6 / 6 UNI,$349.35,$58.23,https://i.postimg.cc/50W9Rz9T/CA0673.jpg,OFERTA
CA0484,NESCAFE CLASICO 42G,16 / 42 GR,$634.33,$39.65,https://i.postimg.cc/NfrnVYyw/CA0484.jpg,OFERTA
CA0336,NESCAFE CLASICO DOY PACK 28GR,24 / 28 GR,$670.88,$27.95,https://i.postimg.cc/cJc2mmvg/CA0336.jpg,OFERTA
CA0561,NESCAFE CLASICO STICK 14G,6 / 16 UNI,"$1,280.01",$213.34,https://i.postimg.cc/qR5mbZ4R/CA0561.jpg,OFERTA
CA0385,NESCAFE DOLCA 80GR,15 / 80 GR,$984.27,$65.62,https://i.postimg.cc/qRbYfvXp/CA0385.jpg,OFERTA
CA0552,NESCAFE DOLCA CAFE 15/46G,15 / 46 GR,$532.24,$35.48,https://i.postimg.cc/pdP1pFs2/CA0552.jpg,OFERTA
CA0722,NESCAFE DOLCA DOYPK 28G,24 / 28 GR,$421.67,$17.57,https://i.postimg.cc/BvY93pJW/CA0722.jpg,OFERTA
CD0482,CEPILLO PREMIER CLEAN 6PK,8 / 6 UNI,$588.84,$73.61,https://i.postimg.cc/02d4xnCt/CD0482.jpg,OFERTA
CD0385,CEPILLO PREMIER CLEAN TAPETE12X10,6 / 12 UNI,$769.81,$128.30,https://i.postimg.cc/wMDG1QYj/CD0385.jpg,OFERTA
CE0973,KELLOGGS CHOCO KRISPI.290G,28 / 290 GR,"$1,013.28",$36.19,https://i.postimg.cc/TPWq2Y6R/CE0973.jpg,OFERTA
CE0872,KELLOGGS CHOCO KRISPIS PO,14 / 90 GR,$272.38,$19.46,https://i.postimg.cc/y8Gyz32Q/CE0872.jpg,OFERTA
CE0976,KELLOGGS CHOCO KRISPIS135G,14 / 135 GR,$310.70,$22.19,https://i.postimg.cc/V6qqMGvp/CE0976.jpg,OFERTA
CE0788,KELLOGGS CORN FLAKES 150G,28 / 150 GR,$565.56,$20.20,https://i.postimg.cc/9QgJFnwB/CE0788.jpg,OFERTA
CE0747,KELLOGGS CORN POP,28 / 210 GR,"$1,056.05",$37.72,https://i.postimg.cc/T33tx61w/CE0747.jpg,OFERTA
CE0847,KELLOGGS EKO-CORN POPS 100GR,14 / 100 GR,$294.66,$21.05,https://i.postimg.cc/WzV7HRxs/CE0847.jpg,OFERTA
CE0748,KELLOGGS FROOT LOOPS,28 / 180 GR,"$1,068.31",$38.15,https://i.postimg.cc/L6TxGXHw/CE0748.jpg,OFERTA
CE1552,KELLOGGS VARIEDADES 30GR,50 / 30 GR,$383.18,$7.66,https://i.postimg.cc/pXvcY2P4/WM0797.jpg,OFERTA
CE0795,KELLOGGS ZUCARITAS 260G,28 / 260 GR,"$1,010.64",$36.09,https://i.postimg.cc/XJd8LNH2/CE0795.jpg,OFERTA
CH0183,C.JACQUES CHIPOTLE,24 / 210 GR,$544.99,$22.71,https://i.postimg.cc/BQLjt61R/CH0183.jpg,OFERTA
CH0105,LA COSTEÑA CHIPOTLES 105GR,40 / 105 GR,$538.20,$13.46,https://i.postimg.cc/wxPqLq8K/CH0105.jpg,OFERTA
CH0179,LA COSTEÑA CHIPOTLES 220GR,24 / 220 GR,$625.98,$26.08,https://i.postimg.cc/6qGNYZsk/CH0179.jpg,OFERTA
CH0901,LA COSTEÑA JALAPEÑOS 2.8 K,6 / 1 UNI,$420.03,$70.01,https://i.postimg.cc/28Q5DsJP/CH0901.jpg,OFERTA
CH0903,LA COSTEÑA JALAPEÑOS 220GR,48 / 220 GR,$583.79,$12.16,https://i.postimg.cc/5t09860V/CH0903.jpg,OFERTA
CH0904,LA COSTEÑA JALAPEÑOS 380GR,24 / 380 GR,$477.62,$19.90,https://i.postimg.cc/43SfPs7h/CH0904.jpg,OFERTA
CH1156,LA COSTEÑA JALAPEÑOS 780GR,12 / 780 GR,$345.36,$28.78,https://i.postimg.cc/NF1QQXN1/CH1156.jpg,OFERTA
CH0178,LA COSTEÑA PIM. MORRON TIRAS 200GR,24 / 200 GR,$500.77,$20.87,https://i.postimg.cc/HxNgw2N0/CH0178.jpg,OFERTA
CH0319,LA COSTEÑA RAJAS 105GR,40 / 105 GR,$334.52,$8.36,https://i.postimg.cc/nVQzdj1V/CH0319.jpg,OFERTA
CH0304,LA COSTEÑA RAJAS 220GR,48 / 220 GR,$704.48,$14.68,https://i.postimg.cc/vZvDWJtW/CH0304.jpg,OFERTA
CO1517,LA COSTEÑA COCTEL FRUTAS,12 / 850 GR,$805.83,$67.15,https://i.postimg.cc/rsgYGFsB/CO1517.jpg,OFERTA
CO0791,LA COSTEÑA DURAZNOS MIT.,12 / 820 GR,$668.59,$55.72,https://i.postimg.cc/jd4KC0kk/CO0791.jpg,OFERTA
CO1319,LA COSTEÑA MANGO REBANADO.,12 / 800 GR,$582.79,$48.57,https://i.postimg.cc/x1BYXTdF/CO1319.jpg,OFERTA
CO0402,LA COSTEÑA PIÑA REB.,12 / 800 GR,$776.80,$64.73,https://i.postimg.cc/15JLwMN8/CO0402.jpg,OFERTA
CO0196,LA PRATERIA DURAZNOS MIT,12 / 820 GR,$500.00,$41.67,https://i.postimg.cc/N0qThTjX/CO0196.jpg,OFERTA
CO0189,VILLAFRUT C.FRUTAS 820G,12 / 820 GR,$582.14,$48.51,https://i.postimg.cc/g2j1DRvN/CO0189.jpg,OFERTA
CO0190,VILLAFRUT DURAZNOS EN MITADES,12 / 820 GR,$604.32,$50.36,https://i.postimg.cc/JhBvwLYX/CO0190.jpg,OFERTA
CO0191,VILLAFRUT PIÑA REBAN.800G,12 / 800 GR,$614.16,$51.18,https://i.postimg.cc/pTb7R636/CO0191.jpg,OFERTA
CP0236,CAL-C-TOSE PWD 160GR,40 / 160 GR,"$1,102.19",$27.55,https://i.postimg.cc/NFGd0qDp/CP0236.jpg,OFERTA
CP0266,CARLOS V POLVO 160G,10 / 160 GR,$265.32,$26.53,https://i.postimg.cc/sXmJqHzS/cp0266.jpg,OFERTA
CP0209,CHOCO KIWI 180GR,24 / 180 GR,$481.18,$20.05,https://i.postimg.cc/zG42FQDG/CP0209.jpg,OFERTA
CP0260,CHOCO KIWI 350G,24 / 350 GR,$645.13,$26.88,https://i.postimg.cc/KYXQMgQK/CP0260.jpg,OFERTA
CP0233,CHOCOMILK BOLSA 160GR,40 / 160 GR,$995.70,$24.89,https://i.postimg.cc/zBF12CF9/CP0233.jpg,OFERTA
CP0269,CHOCOMILK BOLSA 350GR,33 / 350 GR,"$1,561.87",$47.33,https://i.postimg.cc/tRmWfwzw/CP0269.jpg,OFERTA
CP0223,MORELIA 155G,10 / 155 GR,$206.84,$20.68,https://i.postimg.cc/zBrd9Rgm/CP0223.jpg,OFERTA
CP0224,MORELIA 357GR,24 / 357 GR,"$1,079.07",$44.96,https://i.postimg.cc/vTx073Bk/CP0224.jpg,OFERTA
CP0249,NESQUIK FRESA BOLSA 357GR,12 / 357 GR,$639.95,$53.33,https://i.postimg.cc/cJYWwyg1/CP0249.jpg,OFERTA
CP0247,NESQUIK POLVO BOLSA 200GR,10 / 200 GR,$324.55,$32.46,https://i.postimg.cc/BZNhVbZy/CP0247.jpg,OFERTA
CP0248,NESQUIK POLVO DOYPACK 357 G,24 / 357 GR,"$1,268.52",$52.86,https://i.postimg.cc/BZNhVbZy/CP0247.jpg,OFERTA
CT1157,NUVEL ADV. PIEL RESECA COLAG.,24 / 315 ML,$367.29,$15.30,https://i.postimg.cc/NFTHwPNw/CT1157.jpg,OFERTA
CT1155,NUVEL CREMA ANTIO+25%750M,12 / 750 ML,$348.56,$29.05,https://i.postimg.cc/mg628yw3/CT1155.jpg,OFERTA
CT1156,NUVEL CREMA KARIT+25%750M,12 / 750 ML,$348.56,$29.05,https://i.postimg.cc/VsBf38gk/CT1156.jpg,OFERTA
CT1154,NUVEL CREMA MIEL+25%750M,12 / 750 ML,$348.56,$29.05,https://i.postimg.cc/rF0xLjnm/CT1154.jpg,OFERTA
DE0474,COLGATE KIDS GEL DENTAL,24 / 50 GR,$500.16,$20.84,https://i.postimg.cc/PrYMkqdT/DE0474.jpg,OFERTA
DE0646,COLGATE M.F.P. FLUOR 50M,48 / 50 ML,$777.02,$16.19,https://i.postimg.cc/qMT3yxdH/DE0646.png,OFERTA
DE0226,COLGATE TRIPLE ACCION,72 / 75 ML,"$1,412.17",$19.61,https://i.postimg.cc/Y9DWQ5kX/DE0226.png,OFERTA
DE0329,CREST COMPLETE LIMP.P,36 / 100 ML,$938.08,$26.06,https://i.postimg.cc/rwGRf0MR/DE0329.jpg,OFERTA
DE0234,ORAL B 100% MENTA,24 / 50 ML,$390.85,$16.29,https://i.postimg.cc/k5W3kJX1/DE0234.jpg,OFERTA
DE0648,ORAL B 3D WHITE BRILL53M,24 / 53 ML,$561.80,$23.41,https://i.postimg.cc/pLV51VT0/DE0648.jpg,OFERTA
DG9918,SONRICS DIVIE.MAS SUR 1KG,6 / 1 KG,$951.39,$158.57,https://i.postimg.cc/7YHLqskh/DG9918.jpg,OFERTA
DG9985,SONRICS DIVIERTETE MAS CHOCOLATE,8 / 607 GR,$978.48,$122.31,https://i.postimg.cc/15jb0HLS/DG9985.jpg,OFERTA
DG9991,SONRICS PIÑATA MAGICA.,5 / 1.4 KG,$720.11,$144.02,https://i.postimg.cc/V6mhsHbS/DG9991.jpg,OFERTA
DG9964,SONRICS PIÑATA SUPRISE,6 / 2 KG,"$1,040.84",$173.47,https://i.postimg.cc/KvphqFgy/DG9964.jpg,OFERTA
DG5258,SONRICS ROCKALETA,10 / 18 UNI,$968.89,$96.89,https://i.postimg.cc/PJtnc54j/DG5258.jpg,OFERTA
DG9966,SONRICS ROCKALETA BOLA,25 / 320 GR,$817.67,$32.71,https://i.postimg.cc/Hx9fQCgG/DG9966.jpg,OFERTA
DS1328,LADY SPEED MINI FLORAL 8/6,8 / 6 UNI,$507.96,$63.50,https://i.postimg.cc/GmRVWVwg/DS1328.jpg,OFERTA
DS2191,SPEED STICK 3P INTENSE+ULTRA+XS,4 / 3 UNI,$520.93,$130.23,https://i.postimg.cc/Dzp2yn7w/DS2191.jpg,OFERTA
DS1329,SPEED STICK MINI NIGHT 30ML,8 / 6 UNI,$507.96,$63.50,https://i.postimg.cc/B6YhfHPJ/DS1329.jpg,OFERTA
DS2189,STEFANO 3P 2ALPHA+TRUMP,4 / 3 UNI,$527.75,$131.94,https://i.postimg.cc/rwJV35bW/DS2189.jpg,OFERTA
DS1772,STEFANO DS.BLACK AER,12 / 113 GR,$635.54,$52.96,https://i.postimg.cc/3J82zFfC/DS1772.jpg,OFERTA
DS1773,STEFANO DS.SPAZIO AER,12 / 113 GR,$635.54,$52.96,https://i.postimg.cc/52jL2NVX/DS1773.jpg,OFERTA
DS1632,STEFANO IMPERIAL BARRA,12 / 54 GR,$611.65,$50.97,https://i.postimg.cc/6p6zLXNK/DS1632.jpg,OFERTA
DT1774,123 LAVANDA 800G,24 / 800 GR,$513.75,$21.41,https://i.postimg.cc/X7wzpZTk/DT1774.jpg,OFERTA
DT1773,123 LIMON BIC. 800G,24 / 800 GR,$513.75,$21.41,https://i.postimg.cc/wxPRFJqd/DT1773.jpg,OFERTA
DT1717,1-2-3 MAXI PODER CON SUAV Y JAZ,24 / 800 GR,$513.75,$21.41,https://i.postimg.cc/NMSzrRsp/DT1717.jpg,OFERTA
DT1392,ACE REGULAR POLVO 36/250G,36 / 500 GR,$405.69,$11.27,https://i.postimg.cc/Zqw8L7hM/DT1392.jpg,OFERTA
DT1393,ACE REGULAR POLVO 500G,18 / 500 GR,$405.55,$22.53,https://i.postimg.cc/85shXRpP/DT1393.jpg,OFERTA
DT1390,ARIEL REGULAR POL. 250G,36 / 250 GR,$447.41,$12.43,https://i.postimg.cc/rwCCDyZc/DT1390.jpg,OFERTA
DT1391,ARIEL REGULAR POL. 500G,18 / 500 GR,$445.46,$24.75,https://i.postimg.cc/YSrNYcTF/DT1391.jpg,OFERTA
DT1396,ARIEL REGULAR PWD 850G,10 / 850 GR,$419.58,$41.96,https://i.postimg.cc/j59ypD26/DT1396.jpg,OFERTA
DT1694,ARIEL REVITACOLOR 500GR,18 / 500 GR,$420.45,$23.36,https://i.postimg.cc/rwSg5NmB/DT1694.jpg,OFERTA
DT1592,ARIEL REVITACOLOR 850G,10 / 850 GR,$419.60,$41.96,https://i.postimg.cc/8581xDDJ/DT1592.jpg,OFERTA
DT1679,AXION BICAR/LIMON PE 1.4L,6 / 1.4 LT,$277.12,$46.19,https://i.postimg.cc/Kzc9G3md/DT1679.jpg,OFERTA
DT1675,AXION LIMON 640ML,12 / 640 ML,$325.02,$27.09,https://i.postimg.cc/YSHnPyZ2/DT1675.jpg,OFERTA
DT0949,AXIÓN LIQ LIMÓN25%GRATIS,12 / 900 ML,$548.03,$45.67,https://i.postimg.cc/wjPf6GSd/DT0949.jpg,OFERTA
DT1734,AXION LIQ.LIMON 220M,12 / 220 ML,$146.95,$12.25,https://i.postimg.cc/KjMpwSGz/DT1734.jpg,OFERTA
DT1117,AXION LÍQUIDO LIMÓN 280M,12 / 280 ML,$188.67,$15.72,https://i.postimg.cc/s27c3DYp/DT1117.jpg,OFERTA
DT0495,AXION LIQUIDO LIMON 400M,12 / 400 ML,$250.98,$20.92,https://i.postimg.cc/NfxvjB4v/DT0495.jpg,OFERTA
DT1640,AXION LIQUIDO+3 GRATIS,15 / 280 ML,$188.71,$12.58,https://i.postimg.cc/02NqWrmX/DT1640.jpg,OFERTA
DT0850,AXION POLVO LIMON 250G,48 / 250 GR,$700.77,$14.60,https://i.postimg.cc/Z54D3bmt/DT0850.jpg,OFERTA
DT1320,AXION POLVO LIMON 720G,18 / 720 GR,$580.69,$32.26,https://i.postimg.cc/tJZ7H7Pb/DT1320.jpg,OFERTA
DT1809,BLANCA NIEVES 1KG,10 / 1 KG,$365.78,$36.58,https://i.postimg.cc/4NwpG2YN/DT1809.jpg,OFERTA
DT1801,BLANCA NIEVES 250G,40 / 250 GR,$369.29,$9.23,https://i.postimg.cc/L6mjrF6b/DT1801.jpg,OFERTA
DT1803,BLANCA NIEVES 500G,20 / 500 GR,$369.29,$18.46,https://i.postimg.cc/jqHzgSKf/DT1803.jpg,OFERTA
DT1907,BLANCA NIEVES SH.P/ROPA 1LT,12 / 1 LT,$373.98,$31.17,https://i.postimg.cc/JnbB2pw8/DT1907.jpg,OFERTA
DT1617,CARISMA 1 KGS.,10 / 1 KG,$404.67,$40.47,https://i.postimg.cc/NfGQ3dh4/DT1617.jpg,OFERTA
DT1709,CARISMA 250 GRS.,40 / 250 GR,$406.59,$10.16,https://i.postimg.cc/prhJrD41/DT1709.jpg,OFERTA
DT1616,CARISMA 500 GRS.,20 / 500 GR,$406.63,$20.33,https://i.postimg.cc/tRNXvLcJ/DT1616.jpg,OFERTA
DT1619,CARISMA LIQ.1 LTS.,12 / 1 LT,$381.54,$31.80,https://i.postimg.cc/vHPGb5bd/DT1619.jpg,OFERTA
DT0802,FOCA 1KG,10 / 1 KG,$384.97,$38.50,https://i.postimg.cc/d3KgJxZ0/DT0802.jpg,OFERTA
DT0804,FOCA 500G,20 / 500 GR,$386.89,$19.34,https://i.postimg.cc/FFj2TNwk/DT0804.jpg,OFERTA
DT0807,FOCA LIQUIDO 1LT,12 / 1 LT,$373.98,$31.17,https://i.postimg.cc/DwzHfs01/DT0807.jpg,OFERTA
DT1764,MAS COLOR CUIDADO Y RENOVACION 16/415 MLS.,16 / 415 ML,$277.06,$17.32,https://i.postimg.cc/DZLqBGQC/DT1764.jpg,OFERTA
DT1760,MAS COLOR OSCURA LIQUIDO ECONOPACK 16/415 MLS.,16 / 415 ML,$277.06,$17.32,https://i.postimg.cc/wMzDPB09/DT1760.jpg,OFERTA
DT1053,PERSIL COLOR 900GR,20 / 900 GR,$646.06,$32.30,https://i.postimg.cc/P55QTPhx/DT1053.jpg,OFERTA
DT0870,PERSIL REG 20/900,20 / 900 GR,$646.06,$32.30,https://i.postimg.cc/XY1cJ47g/DT0870.jpg,OFERTA
DT0402,ROMA 1KG,10 / 1 KG,$375.84,$37.58,https://i.postimg.cc/jj2b1my0/DT0402.jpg,OFERTA
DT0401,ROMA 250GR,40 / 250 GR,$378.18,$9.45,https://i.postimg.cc/8CYSg4bF/DT0401.jpg,OFERTA
DT0403,ROMA 500 GR,20 / 500 GR,$378.17,$18.91,https://i.postimg.cc/3RDH8GLt/DT0403.jpg,OFERTA
DT0977,ROMA LIQUIDO 1 LTS.,12 / 1 LT,$350.51,$29.21,https://i.postimg.cc/qBDFrVGg/DT0977.jpg,OFERTA
DT2201,UTIL 10 KGS.,1 / 10 KG,$279.87,$279.87,https://i.postimg.cc/kGqt3W9b/DT2201.jpg,OFERTA
DT1708,UTIL DET.BLANCO 500G,20 / 500 GR,$309.22,$15.46,https://i.postimg.cc/ydNP4qPK/DT1708.jpg,OFERTA
FI1129,CUCHARA FIVE STARS PASTELERA,60 / 50 UNI,$539.09,$8.98,https://i.postimg.cc/kXScGFXv/FI1129-JPG.jpg,OFERTA
FI1108,DART VASO UNICEL 8 OZ.,40 / 25 UNI,$381.41,$9.54,https://i.postimg.cc/c13NPP5w/FI1108.jpg,OFERTA
FI0954,FIVE STAR CHAROLA 066,10 / 50 UNI,$115.29,$11.53,https://i.postimg.cc/vm9vCY6R/temp-File-For-Share-20250212-163225.jpg,OFERTA
FI0953,FIVE STAR CHAROLA 855,10 / 50 UNI,$172.17,$17.22,https://i.postimg.cc/vm9vCY6R/temp-File-For-Share-20250212-163225.jpg,OFERTA
FI0955,FIVE STAR PLATO PH8,20 / 25 UNI,$433.80,$21.69,https://i.postimg.cc/htXsbbDt/temp-File-For-Share-20250212-163624.jpg,OFERTA
FI0940,FIVE STAR VASO PLAST 10,20 / 50 UNI,$584.09,$29.20,https://i.postimg.cc/mgKwdzkN/Screenshot-20250212-162936.jpg,OFERTA
FI0951,FIVE STAR VASO PLAST 12,20 / 50 UNI,$637.10,$31.86,https://i.postimg.cc/mgKwdzkN/Screenshot-20250212-162936.jpg,OFERTA
FI0939,FIVE STAR VASO PLAST 8,20 / 50 UNI,$424.70,$21.24,https://i.postimg.cc/mgKwdzkN/Screenshot-20250212-162936.jpg,OFERTA
FI1035,FIVE STARS CHAR 66 RECIC,10 / 50 UNI,$164.95,$16.50,https://i.postimg.cc/2yWmwKgd/FI1035.jpg,OFERTA
FI1034,FIVE STARS CHAR 855 RECIC,10 / 50 UNI,$235.71,$23.57,https://i.postimg.cc/FR4x4MjY/temp-File-For-Share-20250212-163303.jpg,OFERTA
FI0952,FIVE STARS VASO #16,20 / 50 UNI,$973.89,$48.69,https://i.postimg.cc/mgKwdzkN/Screenshot-20250212-162936.jpg,OFERTA
FI1059,JAGUAR ALME.8X8 LIS.RECIC,4 / 50 UNI,$520.70,$130.18,https://i.postimg.cc/C1BVh2My/FI1059.jpg,OFERTA
FI0961,JAGUAR ALMEJA 9X9 LISA,4 / 50 UNI,$468.53,$117.13,https://i.postimg.cc/Xqr6vzVS/FI0961.jpg,OFERTA
FI0965,JAGUAR CONT PL DELI 2LT,20 / 25 UNI,$753.42,$37.67,https://i.postimg.cc/Pr8ks931/FI0965.jpg,OFERTA
FI0973,JAGUAR PLATO TER 6 PASTEL,25 / 20 UNI,$249.02,$9.96,https://i.postimg.cc/yxMt86Qc/FI0973.jpg,OFERTA
FI0970,JAGUAR PLATO TERMICO HONDO PH6,20 / 25 UNI,$262.43,$13.12,https://i.postimg.cc/3w1sFTNQ/FI0970.jpg,OFERTA
FI1221,JAGUAR TENEDOR PASTELERO,60 / 50 UNI,$545.11,$9.09,https://i.postimg.cc/jSdmq1v8/FI1221.jpg,OFERTA
FI1068,JAGUAR VASO CONTEDO.#1/4L,20 / 25 UNI,$618.11,$30.91,https://i.postimg.cc/x8LDHbbt/FI1068.jpg,OFERTA
FI0999,JAGUAR VASO PL 16 BARRIL,40 / 25 UNI,"$1,034.04",$25.85,https://i.postimg.cc/R0PMVfct/Fi0999.jpg,OFERTA
FL0142,FLAN PRONTO VAINILL C/CAR,24 / 136 GR,$329.21,$13.72,https://i.postimg.cc/cJPbmLWj/FL0142.jpg,OFERTA
FP1337,BARBER STYLE GEL FIJADOR,12 / 200 GR,$184.00,$15.33,https://i.postimg.cc/Gt7vLmqc/FP1337.jpg,OFERTA
FP1362,BARBER STYLE GEL GOLD,12 / 200 GR,$184.00,$15.33,https://i.postimg.cc/pVqfYsxg/FP1362.jpg,OFERTA
FP1331,GEL ATM GENTLEMAN 230G,12 / 230 GR,$170.83,$14.24,https://i.postimg.cc/859fcxhL/FP1331.jpg,OFERTA
FP1332,GEL ATM GENTLEMAN ANTI CAIDA 450G,12 / 450 GR,$323.61,$26.97,https://i.postimg.cc/NM4Wkggt/FP1332.jpg,OFERTA
FP1156,GEL ATM MACHO ALFA 250 GRS.,24 / 250 GR,$341.67,$14.24,https://i.postimg.cc/d0cCmbX6/FP1156.jpg,OFERTA
FP1334,GEL ATM POWER 250G,12 / 250 GR,$170.83,$14.24,https://i.postimg.cc/v8x6kHsh/FP1334.jpg,OFERTA
FP0584,GEL ATM REPELE PIOJOS,12 / 250 GR,$213.54,$17.80,https://i.postimg.cc/y6yLJPD2/FP0584.jpg,OFERTA
FP1153,GEL EGO ALFA C. CAIDA,12 / 200 ML,$224.09,$18.67,https://i.postimg.cc/zX3TJSKC/FP1153.jpg,OFERTA
FP0770,GEL EGO TARRO DIEZ 12,12 / 200 ML,$224.09,$18.67,https://i.postimg.cc/nr3K337z/FP0770.jpg,OFERTA
FP1194,GEL XTREME PROF TRANS250G,12 / 250 GR,$255.60,$21.30,https://i.postimg.cc/76k4TvK5/FP1194.jpg,OFERTA
FP0962,GEL XTREME PROFESSIO.100G,24 / 100 GR,$321.42,$13.39,https://i.postimg.cc/FsWhCBH6/FP0962.jpg,OFERTA
FP0763,SPRY CAP NAT ALGAS,12 / 316 ML,$623.98,$52.00,https://i.postimg.cc/7Zd9vtRJ/FP0763.jpg,OFERTA
FP0764,SPRY CAP NAT KIWI,12 / 316 ML,$623.98,$52.00,https://i.postimg.cc/ZRhLnB4T/FP0764.jpg,OFERTA
FP0762,SPRY CAP NAT SABILA,12 / 316 ML,$623.98,$52.00,https://i.postimg.cc/GpDQbJ07/FP0762.jpg,OFERTA
FP1367,SUPER FIX GEL ANTIPIOJOS.,12 / 230 GR,$199.99,$16.67,https://i.postimg.cc/yYG02WDj/FP1367.jpg,OFERTA
FR0279,COSTEÑA FRIJ.NEG REF.BOL,12 / 430 GR,$154.60,$12.88,https://i.postimg.cc/fbFRfmJN/FR0279.jpg,OFERTA
FR0278,COSTEÑA FRIJOL BAY REF BO,12 / 430 GR,$154.60,$12.88,https://i.postimg.cc/FK1KSDFp/FR0278.jpg,OFERTA
FR0156,FRIJ.REFR.PERUANO ISADORA,24 / 430 GR,$406.96,$16.96,https://i.postimg.cc/j5pCtPbX/FR0156.jpg,OFERTA
FR0157,FRIJ.REFRI.NEGROS ISADORA,24 / 430 GRS.,$387.53,$16.15,https://i.postimg.cc/1XDXtXRZ/FR0157.jpg,OFERTA
FR0158,FRIJ.REFRIT.BAYOS ISADORA,24 / 430 GRS.,$401.53,$16.73,https://i.postimg.cc/9X9r18dN/FR0158.jpg,OFERTA
FR0302,FRIJOLES ISADORA REFRITOS MINI BAYOS 22/220 GRS.,22 / 220 GR,$225.73,$10.26,https://i.postimg.cc/zfLJvvpP/FR0302.jpg,OFERTA
FR0289,FRIJOLES LA COSTEÑA B.REF,12 / 220 GR,$113.84,$9.49,https://i.postimg.cc/tJGRLb3v/FR0289.jpg,OFERTA
FR0288,FRIJOLES LA COSTEÑA N.REF,12 / 220 GR,$113.84,$9.49,https://i.postimg.cc/tTxCSJxV/FR0288.jpg,OFERTA
FR0126,FRIJOLES LA SIERRA REFRITOS BAYOS 24/440 GRS.,24 / 440 GR,$284.29,$11.85,https://i.postimg.cc/pLC9zmfW/FR0126.jpg,OFERTA
FR0124,FRIJOLES LA SIERRA REFRITOS NEGROS,24 / 440 GR,$284.29,$11.85,https://i.postimg.cc/MpqMn7j3/FR0124.jpg,OFERTA
FR0364,ISADORA BAYOS 430GR 24+1,25 / 430 GR,$401.79,$16.07,https://i.postimg.cc/2SJzNdtz/FR0364.jpg,OFERTA
FR0357,ISADORA FR.NEGRO 430G 12s,12 / 430 GR,$193.19,$16.10,https://i.postimg.cc/TYCGcg44/FR0357.jpg,OFERTA
FR0303,ISADORA FRIJOL MINI NEGRO,22 / 220 GR,$225.73,$10.26,https://i.postimg.cc/c1Rw1hf4/FR0303.jpg,OFERTA
FR0365,ISADORA NGRO REF. +1GRT 430GR,25 / 430 GR,$387.77,$15.51,https://i.postimg.cc/zfRr5MXs/FR0365.jpg,OFERTA
FR0605,LA COSTE#A FRIJ. CHARROS,12 / 560 GR,$236.55,$19.71,https://i.postimg.cc/L5vdNFN1/FR0605.jpg,OFERTA
FR0602,LA COSTE#A FRIJ.BAYO REF.,12 / 580 GR,$194.69,$16.22,https://i.postimg.cc/Jz08Ytw4/FR0602.jpg,OFERTA
FR0627,LA COSTE#A FRIJ.NEGRO ENT,12 / 400 GR,$149.41,$12.45,https://i.postimg.cc/RVVxqqZQ/FR0627.jpg,OFERTA
FR0603,LA COSTE#A FRIJ.NEGRO ENT,12 / 580 GR,$164.50,$13.71,https://i.postimg.cc/1thZzH8f/FR0603.jpg,OFERTA
FR0604,LA COSTE#A FRIJ.NEGRO REF,12 / 580 GR,$194.69,$16.22,https://i.postimg.cc/NM6v2HXb/FR0604.jpg,OFERTA
FR0617,LA COSTE#A FRIJ.REF.BAYO,12 / 400 GR,$162.58,$13.55,https://i.postimg.cc/zDk1JT8G/FR0617.jpg,OFERTA
FR0615,LA COSTE#A FRIJ.REF.NEGRO,12 / 400 GR,$157.09,$13.09,https://i.postimg.cc/8PZvW37t/FR0615.jpg,OFERTA
FR0625,LA COSTEÑA BAYOS ENT.400G,12 / 400 GR,$149.41,$12.45,https://i.postimg.cc/28cRWmqp/FR0625.jpg,OFERTA
FR0601,LA COSTEÑA BAYOS ENT.560G,12 / 560 GR,$164.50,$13.71,https://i.postimg.cc/jS1bpKK6/FR0601.jpg,OFERTA
FR0116,LA SIERRA ENTEROS CHARROS,12 / 560 GR,$206.38,$17.20,https://i.postimg.cc/RhZ2PjFH/FR0116.jpg,OFERTA
FR0255,LA SIERRA FRI COL NEG,24 / 430 GR,$243.55,$10.15,https://i.postimg.cc/kgJGJ7kk/FR0255.jpg,OFERTA
FR0142,LA SIERRA FRIJ.MOLI.BAYOS,24 / 430 GR,$257.45,$10.73,https://i.postimg.cc/zfPV2424/FR0142.jpg,OFERTA
FR0141,LA SIERRA FRIJ.MOLIDO.NEG,24 / 440 GR,$257.45,$10.73,https://i.postimg.cc/SKKnrmdW/FR0141.jpg,OFERTA
FR0273,LA SIERRA MOL. NGO BOLSA,24 / 430 GR,$254.25,$10.59,https://i.postimg.cc/K80z4db4/FR0273.jpg,OFERTA
FR0350,LA SIERRA REFRITOS BAYOS POUCH 24/430 GRS.,24 / 430 GR,$298.24,$12.43,https://i.postimg.cc/sX7sPLkY/FR0350.jpg,OFERTA
FR0351,LA SIERRA REFRITOS NEGROS POUCH 24/430 GRS.,24 / 430 GR,$298.24,$12.43,https://i.postimg.cc/KjbF0Nbd/FR0351.jpg,OFERTA
GA3277,CUETARA CHAVALIN 100G,10 / 100 GR,$130.47,$13.05,https://i.postimg.cc/LX44Spf3/GA3277.jpg,OFERTA
GA3278,CUETARA DIAVOLIN 100G,10 / 100 GR,$130.47,$13.05,https://i.postimg.cc/V67fLVWQ/GA3278.jpg,OFERTA
GA3073,CUETARA MARIAS ROLLO,20 / 160 GR,$168.68,$8.43,https://i.postimg.cc/KYB3jx1X/GA3073.jpg,OFERTA
GA3046,CUETARA MEXICANA VIT.,20 / 135 GR,$162.99,$8.15,https://i.postimg.cc/rFw4JBPW/GA3046.jpg,OFERTA
GA0930,CUETARA NAPOLITANAS CHOCOLATE,20 / 200 GR,$394.74,$19.74,https://i.postimg.cc/vT2kC3gS/GA0930.png,OFERTA
GA0924,CUETARA NAPOLITANAS FRESA,20 / 200 GR,$394.74,$19.74,https://i.postimg.cc/Hk3PK1Yg/GA0924.jpg,OFERTA
GA4132,DONDE BIZCOCHITOS 250GR,12 / 250 GR,$298.20,$24.85,https://i.postimg.cc/cH6dXkGB/GA4132.jpg,OFERTA
GA1687,GALLETA EMPERADOR SENZO CHOC 93 GRS.,16 / 93 GR,$193.74,$12.11,https://i.postimg.cc/rsLJsfVj/GA1687.jpg,OFERTA
GA0289,GAMESA CHOCOLATINES,10 / 378 GR,$546.39,$54.64,https://i.postimg.cc/L4YK15HZ/GA0289.jpg,OFERTA
GA3030,GAMESA CHOKIS 57G,16 / 57 GR,$184.99,$11.56,https://i.postimg.cc/kMc8WJfq/GA3030.jpg,OFERTA
GA4052,GAMESA CHOKIS CHOCOBASE 73.5G,16 / 73.5 GR,$233.27,$14.58,https://i.postimg.cc/PJgkCsLc/GA4052.jpg,OFERTA
GA2054,GAMESA CRACKETS GALL.135G,20 / 135 GR,$286.09,$14.30,https://i.postimg.cc/J0mNMtxd/GA2054.jpg,OFERTA
GA0119,GAMESA CREMAX DE NIEVE CHOCOLATE,8 / 213 GR,$180.25,$22.53,https://i.postimg.cc/Y9wJ7CPF/GA0119.jpg,OFERTA
GA0122,GAMESA CREMAX DE NIEVE FRESA,8 / 213 GR,$180.25,$22.53,https://i.postimg.cc/B6tFW722/GA0122.jpg,OFERTA
GA0108,GAMESA CREMAX DE NIEVE VAINILLA,8 / 213 GR,$187.81,$23.48,https://i.postimg.cc/Qdw26bk0/GA0108.jpg,OFERTA
GA4088,GAMESA EMPERADOR COMB +2GALL,16 / 109 GR,$223.19,$13.95,https://i.postimg.cc/9fL5GqRy/GA4088.jpg,OFERTA
GA4089,GAMESA EMPERADOR PIRUETA +2GALL,16 / 115 GR,$214.27,$13.39,https://i.postimg.cc/ZR0kjKp2/GA4089.jpg,OFERTA
GA4086,GAMESA EMPERADOR VAINILLA +2GALL,16 / 109 GR,$214.21,$13.39,https://i.postimg.cc/0Nk1MCQ8/GA4086.jpg,OFERTA
GA3159,GAMESA FRUTS+2 GALLE.130G,21 / 130 GR,$382.85,$18.23,https://i.postimg.cc/pTkT5TxS/GA3159.jpg,OFERTA
GA0409,GAMESA MAMUT,12 / 240 GR,$494.93,$41.24,https://i.postimg.cc/fTmG8PSz/GA0409.jpg,OFERTA
GA0185,GAMESA MARIAS CLASICAS 185GR,22 / 185 GR,$286.25,$13.01,https://i.postimg.cc/wB0FWXkT/GA0179.jpg,OFERTA
GA4124,GAMESA SURT. RICO,12 / 424 GR,$593.76,$49.48,https://i.postimg.cc/hG2S8W6G/GA4124.jpg,OFERTA
GA4068,GAMESA SURT.RICO NAVID.,13 / 424 GR,$601.64,$46.28,https://i.postimg.cc/dVmKVfJH/GA4068.jpg,OFERTA
GE0391,GELATINA PRONTO CEREZA,24 / 84 GR,$302.56,$12.61,https://i.postimg.cc/zGjXcvHG/GE0391.jpg,OFERTA
GE0392,GELATINA PRONTO FRAMBUESA,24 / 84 GR,$302.56,$12.61,https://i.postimg.cc/GpmhwRvJ/GE0392.jpg,OFERTA
GE0393,GELATINA PRONTO FRESA,24 / 84 GR,$302.56,$12.61,https://i.postimg.cc/8CXkTYH8/GE0393.jpg,OFERTA
GE0394,GELATINA PRONTO LIMON,24 / 84 GR,$302.56,$12.61,https://i.postimg.cc/63D9vGgY/GE0394.jpg,OFERTA
GE0395,GELATINA PRONTO NARANJA,24 / 84 GR,$302.56,$12.61,https://i.postimg.cc/vTfGLZdM/GE0395.jpg,OFERTA
GE0396,GELATINA PRONTO PINA,24 / 84 GR,$302.56,$12.61,https://i.postimg.cc/dQyQK4ZX/GE0396.jpg,OFERTA
GE0357,GELATINA PRONTO SURTIDO,24 / 84 GR,$295.50,$12.31,https://i.postimg.cc/nhZh2BzW/GE0357.jpg,OFERTA
GE0398,GELATINA PRONTO UVA,24 / 84 GR,$302.56,$12.61,https://i.postimg.cc/ZKzbYprq/GE0398.jpg,OFERTA
HA0701,HAR. DE MAÍZ MASECA,10 / 1 KG,$181.09,$18.11,https://i.postimg.cc/ZR6QwB0f/HA0701.jpg,OFERTA
HA0427,HAR. DE MAÍZ MASECA ANTOJITOS,10 / 1 KG,$174.54,$17.45,https://i.postimg.cc/nc1JH5Fd/HA0427.jpg,OFERTA
HA0408,HAR. P/HOT CAKES PRONTO 350GR,12 / 350 GR,$259.87,$21.66,https://i.postimg.cc/TwWxf31m/HA0408.jpg,OFERTA
HA0412,HAR. P/HOT CAKES PRONTO 500GR,12 / 500 GR,$345.46,$28.79,https://i.postimg.cc/hvLqQZ9t/HA0412.jpg,OFERTA
HA0410,HAR. P/HOT CAKES PRONTO 800GR,12 / 800 GR,$447.79,$37.32,https://i.postimg.cc/cCySHGtz/HA0410.jpg,OFERTA
HA0422,HAR. P/HOT CAKES PRONTO INST. 180GR,12 / 180 GR,$294.01,$24.50,https://i.postimg.cc/tRWbcJLG/HA0422.jpg,OFERTA
HA1312,HAR. TRIGO BOLA ROJA,10 / KG,$163.47,$16.35,https://i.postimg.cc/6pT1D1y4/HA1312.jpg,OFERTA
HA0704,HAR. TRIGO BOLA ROJA 25K,25 / 1 KG,$394.22,$15.77,https://i.postimg.cc/YqdsDwqw/HA0704.jpg,OFERTA
HA0165,HAR. TRIGO SOL DE ORO,6 / 1 KG,$101.40,$16.90,https://i.postimg.cc/pdrxcZts/HA0165.jpg,OFERTA
HA0710,HAR. TRIGO SOL DE ORO 907G,10 / 907 GR,$130.12,$13.01,https://i.postimg.cc/L4gKkvy8/HA0710.jpg,OFERTA
IN0438,BAYGON AER C Y J 226M,12 / 226 ML,$456.93,$38.08,https://i.postimg.cc/2jbFvbVv/IN0438.jpg,OFERTA
IN0439,BAYGON AER MORTAL 226M,12 / 226 ML,$433.31,$36.11,https://i.postimg.cc/NG38xsHn/IN0439.jpg,OFERTA
IN0477,BAYGON CASA Y JARDIN,12 / 380 ML,$628.00,$52.33,https://i.postimg.cc/PxB6hZ31/IN0477.jpg,OFERTA
IN0289,BAYGON TOTAL 400ML,12 / 400 ML,$505.15,$42.10,https://i.postimg.cc/nz5LGWjK/IN0289.png,OFERTA
IN1907,OFF CREMA ALOE 12X200ML,12 / 200 ML,"$1,046.21",$87.18,https://i.postimg.cc/gjVxsW99/IN1907.jpg,OFERTA
IN1901,OFF FAMILY AEROSOL,12 / 170 ML,"$1,006.53",$83.88,https://i.postimg.cc/brcG1vBH/IN1901.jpg,OFERTA
IN0494,OFF FAMILY REPELENTE SPRAY,12 / 400 ML,$590.33,$49.19,https://i.postimg.cc/RZgY4Bh9/IN0494.jpg,OFERTA
IN0459,RAIDOLITO ESPIRAL LAV.10s,60 / 10 UNI,"$1,126.55",$18.78,https://i.postimg.cc/j2P71f7F/IN0459.jpg,OFERTA
IN0458,RAIDOLITO ESPIRAL VDE.10s,60 / 10 UNI,"$1,127.91",$18.80,https://i.postimg.cc/tTL6DkY6/IN0458.jpg,OFERTA
JE1697,JUMEX BIDA FRESA 237M,24 / 237 ML,$174.40,$7.27,https://i.postimg.cc/L5YT8hZt/JE1697.jpg,OFERTA
JE1893,JUMEX BIDA FRESA 500M,12 / 500 ML,$130.74,$10.90,https://i.postimg.cc/CL4NLyR6/JE1893.jpg,OFERTA
JE1888,JUMEX BIDA GUAYABA 500M,12 / 500 ML,$130.74,$10.90,https://i.postimg.cc/kGQybzfG/JE1888.jpg,OFERTA
JE1694,JUMEX BIDA MANGO 237 MLS.,24 / 237 ML,$174.86,$7.29,https://i.postimg.cc/qR7wW1JZ/JE1694.jpg,OFERTA
JE1887,JUMEX BIDA MANGO 500M,12 / 500 ML,$130.74,$10.90,https://i.postimg.cc/0jRfrPGh/JE1887.jpg,OFERTA
JE1685,JUMEX BIDA MANGO EDGE 946 MLS.,12 / 946 ML,$223.65,$18.64,https://i.postimg.cc/9Q3xzPbr/JE1685.jpg,OFERTA
JE1698,JUMEX BIDA MANZAN 237M,24 / 237 ML,$174.76,$7.28,https://i.postimg.cc/5yhmY1wZ/JE1698.jpg,OFERTA
JE1689,JUMEX BIDA MANZAN EDGE 946 MLS.,12 / 946 ML,$223.65,$18.64,https://i.postimg.cc/9fCJYWv2/JE1689.jpg,OFERTA
JE1894,JUMEX BIDA MANZANA 500M,12 / 500 ML,$130.74,$10.90,https://i.postimg.cc/kXCsmMgb/JE1894.jpg,OFERTA
JE1696,JUMEX BIDA UVA 237M,24 / 237 ML,$174.34,$7.26,https://i.postimg.cc/Kzsfbt4c/JE1696.jpg,OFERTA
JE1891,JUMEX BIDA UVA 500M,12 / 500 ML,$130.74,$10.90,https://i.postimg.cc/MZV5Nfqw/JE1891.jpg,OFERTA
JE1687,JUMEX BIDA UVA EDGE 946 MLS.,12 / 946 ML,$223.65,$18.64,https://i.postimg.cc/kgxTSVYw/JE1687.jpg,OFERTA
JE1721,JUMEX DURAZNO PRISMA 960 MLS.,12 / 960 ML,$291.46,$24.29,https://i.postimg.cc/nL3gsjMg/JE1721.jpg,OFERTA
JE1723,JUMEX MANGO PRISMA 960 MLS.,12 / 960 ML,$291.61,$24.30,https://i.postimg.cc/gJr53zZJ/JE1723.jpg,OFERTA
JE1720,JUMEX MANZANA PRISMA 1960 MLS.,12 / 960 ML,$291.43,$24.29,https://i.postimg.cc/fbz1TjWY/JE1720.jpg,OFERTA
JE1724,JUMEX MANZANA PRISMA 960 MLS.,12 / 960 ML,$291.49,$24.29,https://i.postimg.cc/DZDNg9rc/JE1724.jpg,OFERTA
JE1725,JUMEX NARANJA PRISMA 960 MLS.,12 / 960 ML,$290.88,$24.24,https://i.postimg.cc/C5qQ6cJp/JE1725.jpg,OFERTA
JE1727,JUMEX NEC. PIÑA COCO,12 / 960 ML,$291.68,$24.31,https://i.postimg.cc/c1pj8N4x/JE1727.jpg,OFERTA
JE1797,JUMEX PIÑA NECTAR,12 / 475 ML,$165.64,$13.80,https://i.postimg.cc/cL4BpXxV/JE1797.jpg,OFERTA
JE1726,JUMEX PIÑA PRISMA 960 MLS.,12 / 960 ML,$291.68,$24.31,https://i.postimg.cc/fWtpLbsq/JE1726.jpg,OFERTA
JE1652,JUMEX PIÑACOCO PRISMA475M,12 / 475 ML,$170.90,$14.24,https://i.postimg.cc/3R96vyRz/JE1652.jpg,OFERTA
JE1729,JUMEX UVA PRISMA 960 MLS.,12 / 960 ML,$291.58,$24.30,https://i.postimg.cc/TYnsVHpr/JE1729.jpg,OFERTA
JL3505,PRINCESA AZUL,80 / 165 GR,$524.24,$6.55,https://i.postimg.cc/4xDnDyJC/JL3505.jpg,OFERTA
JL0279,PRINCESA BCO LIQ.,12 / 1 LT,$312.68,$26.06,https://i.postimg.cc/QxkMBQvR/JL0279.jpg,OFERTA
JL3511,PRINCESA ESCAMAS,30 / 250 GR,$492.96,$16.43,https://i.postimg.cc/sXzxb9BM/JL3511.jpg,OFERTA
JL0274,PRINCESA JAB.BLANCO 48s,48 / 200 GR,$487.25,$10.15,https://i.postimg.cc/HWw0BG9s/JL0274.jpg,OFERTA
JL0272,PRINCESA JABON AZUL 28s,28 / 350 GR,$371.24,$13.26,https://i.postimg.cc/WzwM3r1J/JL0272.jpg,OFERTA
JL0271,PRINCESA JABON AZUL 48s,48 / 200 GR,$511.08,$10.65,https://i.postimg.cc/tJj3pDpj/JL0271.jpg,OFERTA
JL2102,ZOTE BLANCO C/ENV.,50 / 200 GR,$551.00,$11.02,https://i.postimg.cc/bYgDZqRb/JL2102.jpg,OFERTA
JL2101,ZOTE ROSA C/ENV.,50 / 200 GR,$551.00,$11.02,https://i.postimg.cc/BbmXkCvN/JL2101.jpg,OFERTA
JT1075,BLUMEN LIQ CHERRY BLOSSOM,12 / 525 ML,$450.29,$37.52,https://i.postimg.cc/jjCkymyT/JT1075.jpg,OFERTA
JT1077,BLUMEN LIQ KIWI STARFRUIT,12 / 525 ML,$450.29,$37.52,https://i.postimg.cc/d3cHP0pq/JT1077.jpg,OFERTA
JT1281,LIRIO B&S F BOSQUE 150GR,50 / 150 GR,$810.32,$16.21,https://i.postimg.cc/B6r06LVs/JT1281.jpg,OFERTA
JT1415,OSO CEREZA P/MANOS,12 / 500 ML,$300.46,$25.04,https://i.postimg.cc/9fMZDXFC/JT1415.jpg,OFERTA
JT1416,OSO COCO P/MANOS,12 / 500 ML,$300.46,$25.04,https://i.postimg.cc/prDnwpkY/JT1416.jpg,OFERTA
JT1417,OSO DURAZNO P/MANOS,12 / 500 ML,$300.46,$25.04,https://i.postimg.cc/rwytHy4x/JT1417.jpg,OFERTA
JT1377,PALMOLIVE JT.CLASICO 100G,48 / 100 GR,$393.25,$8.19,https://i.postimg.cc/QM7SDF1c/JT1377.jpg,OFERTA
JT1228,PALMOLIVE LIQ. CEREZO ROSA,12 / 221 ML,$322.06,$26.84,https://i.postimg.cc/8cTr40z5/JT1228.jpg,OFERTA
JT1230,PALMOLIVE LIQ. MANZ. GARDEN.,12 / 221 ML,$322.06,$26.84,https://i.postimg.cc/s2fDdhtN/JT1230.jpg,OFERTA
JT1412,PALMOLIVE MAND. ROMERO,72 / 18/400 GR,"$1,045.75",$14.52,https://i.postimg.cc/TwWnLf3B/JT1412.jpg,OFERTA
JT1361,PALMOLIVE N.FRU/COCO.4PK,18 / 480 GR,$964.13,$53.56,https://i.postimg.cc/4ysWBXKV/JT1361.jpg,OFERTA
JT1351,PALMOLIVE N.JALE/YOG.4PK,18 / 480 GR,$964.13,$53.56,https://i.postimg.cc/rsNPkD6f/JT1351.jpg,OFERTA
JT1355,PALMOLIVE N.LAVA/CRE.4PK,18 / 480 GR,$964.13,$53.56,https://i.postimg.cc/7YXWtJn6/JT1355.jpg,OFERTA
JT1357,PALMOLIVE N.MENT/EUC.4PK,18 / 480 GR,$978.04,$54.34,https://i.postimg.cc/2SKXrpJN/JT1357.jpg,OFERTA
JT1368,PALMOLIVE N.OLIV/ALO.120G,8 / 960 GR,$727.84,$90.98,https://i.postimg.cc/Xqt0rZ14/JT0995.jpg,OFERTA
JT1347,PALMOLIVE N.OLIV/ALOE.4PK,18 / 480 GR,$964.13,$53.56,https://i.postimg.cc/7L5d2P7L/JT1347.jpg,OFERTA
JT1345,PALMOLIVE N.SAND/LYC.4PK,18 / 480 GR,"$1,039.70",$57.76,https://i.postimg.cc/Qxq2Lyhj/JT1345.jpg,OFERTA
JT1359,PALMOLIVE N.YOGH/FRU.4PK,18 / 480 GR,$964.13,$53.56,https://i.postimg.cc/4dCLH6s8/JT1359.jpg,OFERTA
JT1367,PALMOLIVE NE.BA.DERM.120G,48 / 100 GR,$678.49,$14.14,https://i.postimg.cc/YCZ8T6Gp/JT1367.png,OFERTA
JT1369,PALMOLIVE NE.BA.DERM.800G,12 / 800 GR,"$1,119.37",$93.28,https://i.postimg.cc/VNDmRGpb/JT1369.jpg,OFERTA
JT1407,PALMOLIVE NEUTRO DERMO 3PACK,32 / 3 UNI,"$1,234.47",$38.58,https://i.postimg.cc/6Q05P52q/JT1407.jpg,OFERTA
JT1398,PALMOLIVE OLIVA ALOE 3PK,32 / 3 UNI,"$1,006.29",$31.45,https://i.postimg.cc/4dcKcYCk/JT1398.jpg,OFERTA
JT1291,ROSA VENUS ANTIBACTERIAL,40 / 150 GR,$429.38,$10.73,https://i.postimg.cc/YCrwhwb4/JT1291.jpg,OFERTA
JT1278,ROSA VENUS AVENA,40 / 150 GR,$429.38,$10.73,https://i.postimg.cc/fLpw9gkG/JT1238.jpg,OFERTA
JT1708,ROSA VENUS BLANCO,40 / 150 GR,$429.38,$10.73,https://i.postimg.cc/4yhGXJdz/JT1708.jpg,OFERTA
JT1702,ROSA VENUS ROSA,40 / 150 GR,$429.38,$10.73,https://i.postimg.cc/W3zjfmcY/JT1702.jpg,OFERTA
LE1284,NESTLE CARNATION ABRE FACIL.360G,48 / 360 GR,"$1,036.13",$21.59,https://i.postimg.cc/FKPS2mn0/LE1284.jpg,OFERTA
LE1391,LA LECHERA 375G LATA,48 / 375 GR,"$1,391.70",$28.99,https://i.postimg.cc/FKPS2mn0/LE1284.jpg,OFERTA
LE1458,NIDO FORTICRE SOBRE 120G,12 / 120 GR,$235.34,$19.61,https://i.postimg.cc/s2m8Y3Rv/LE1458.jpg,OFERTA
LE1286,NIDO KINDER1+ PROTE.DHA 144G,12 / 144 GR,$378.58,$31.55,https://i.postimg.cc/KzwM8fbz/LE1286.jpg,OFERTA
LE1052,NUTRI RINDES 120,12 / 120 GR,$179.36,$14.95,https://i.postimg.cc/nrXX8DQJ/LE1052.jpg,OFERTA
LE0977,NUTRI RINDES BOLSA,36 / 240 GR,"$1,139.56",$31.65,https://i.postimg.cc/13wN5w7R/LE0977.jpg,OFERTA
LI0309,ACIDO SULTAN 15/900 MLS.,15 / 900 ML,$354.74,$23.65,https://i.postimg.cc/9QRs4FyQ/LI0309.jpg,OFERTA
LI0308,ACIDO SULTAN 400 ML.,20 / 400 ML,$284.70,$14.24,https://i.postimg.cc/bNFKN2D5/LI0308.jpg,OFERTA
LI0474,FABULOSO AB PASION FRUT,12 / 1 LT,$327.16,$27.26,https://i.postimg.cc/7PtBgrHG/LI0474.jpg,OFERTA
LI0479,FABULOSO ALTERNATIVA CLOR,12 / 1 LT,$327.16,$27.26,https://i.postimg.cc/g28NFwv8/LI0479.jpg,OFERTA
LI1064,FABULOSO BRISA PRIMAVERAL,12 / 1 LT,$326.31,$27.19,https://i.postimg.cc/7h1q24tg/LI1064.jpg,OFERTA
LI0476,FABULOSO ENERGIA NARANJA,12 / 1 LT,$327.16,$27.26,https://i.postimg.cc/L6rNbkZm/LI0476.jpg,OFERTA
LI0471,FABULOSO FRESCO AMANE500M,12 / 500 ML,$418.61,$34.88,https://i.postimg.cc/B6MmYd2z/LI0471.jpg,OFERTA
LI0475,FABULOSO FRESCO AMANEC1LT,12 / 1 LT,$327.16,$27.26,https://i.postimg.cc/rFdfjZsh/LI0475.jpg,OFERTA
LI0472,FABULOSO LAVANDA 1LT,12 / 1 LT,$327.16,$27.26,https://i.postimg.cc/fyyB6BKR/LI0472.jpg,OFERTA
LI0469,FABULOSO LAVANDA 500M,24 / 500 ML,$418.61,$17.44,https://i.postimg.cc/yNhQ9Jxs/LI0469.jpg,OFERTA
LI0473,FABULOSO MAR FRESCO 1LT,12 / 1 LT,$327.16,$27.26,https://i.postimg.cc/vTK3MfqL/LI0473.jpg,OFERTA
LI0470,FABULOSO MAR FRESCO 500M,24 / 500 ML,$418.61,$17.44,https://i.postimg.cc/xC0sP0NH/LI0470.jpg,OFERTA
LI0523,FLASH BRISA MARINA 1 LT,12 / 1 LT,$208.02,$17.34,https://i.postimg.cc/kGLFL9GT/LI0523.jpg,OFERTA
LI1110,FLASH BRISA MARINA,20 / 500 ML,$206.63,$10.33,https://i.postimg.cc/FHy8bCCM/LI1110.jpg,OFERTA
LI0512,FLASH FLORAL 1 LT,12 / 1 LT,$208.02,$17.34,https://i.postimg.cc/brZ96dyG/LI0512.jpg,OFERTA
LI1121,FLASH FLORAL,20 / 500 ML,$206.63,$10.33,https://i.postimg.cc/KzYPG8hk/LI1121.jpg,OFERTA
LI0510,FLASH LAVANDA 1 LT,12 / 1 LT,$208.02,$17.34,https://i.postimg.cc/9M8Btyh5/LI0510.jpg,OFERTA
LI1127,FLASH LAVANDA,20 / 500 ML,$206.63,$10.33,https://i.postimg.cc/25CJ0dPV/LI1127.jpg,OFERTA
LI0554,FLASH MULTIUSOS LIMÓN 1LT,12 / 1 LT,$208.02,$17.34,https://i.postimg.cc/vH6vf12k/LI0554.jpg,OFERTA
LI1075,FLASH NUBES DE ALGODÓN,12 / 828 ML,$169.44,$14.12,https://i.postimg.cc/0Nj19Dcg/LI1075.jpg,OFERTA
LI1091,PINYL FLORAL DESINFECTANTE,12 / 1 LT,$161.43,$13.45,https://i.postimg.cc/mk7TmSyJ/LI1091.jpg,OFERTA
LI1090,PINYL LAVANDA DESINFECTANTE,12 / 1 LT,$161.43,$13.45,https://i.postimg.cc/1tk90dwD/LI1090.jpg,OFERTA
LI1088,POETT AIRES TROPICALES,12 / 900 ML,$208.46,$17.37,https://i.postimg.cc/tChgk9rJ/LI1088.jpg,OFERTA
LI0865,POETT ALEGRA TU DIA 900M,12 / 900 ML,$208.46,$17.37,https://i.postimg.cc/GtnvjK5f/LI0865.jpg,OFERTA
LI2817,POETT BEBE,12 / 900 ML,$208.46,$17.37,https://i.postimg.cc/63Fxb2rg/LI2817.jpg,OFERTA
LI0850,POETT CAJA MIXTA 900M,12 / 900 ML,$208.46,$17.37,https://i.postimg.cc/zBgnW60W/LI0850.jpg,OFERTA
LI0940,POETT ESPIRITU PLAY 900M,12 / 900 ML,$208.46,$17.37,https://i.postimg.cc/90crMnSc/LI0940.jpg,OFERTA
LI1077,POETT FLORES DE PRIMAVERA 30% MAS,12 / 1.18 LT,$208.46,$17.37,https://i.postimg.cc/rsRkKNHz/LI1077.jpg,OFERTA
LI1087,POETT FRESCO DESPERTAR,12 / 900 ML,$208.46,$17.37,https://i.postimg.cc/HnMkfmdS/LI1087.jpg,OFERTA
LI2809,POETT LAVANDA/EUCA/MENTA,12 / 900 ML,$208.46,$17.37,https://i.postimg.cc/638NhLvC/LI2809.jpg,OFERTA
LI0169,POETT MANZ. CANELA 900ML,12 / 900 ML,$208.46,$17.37,https://i.postimg.cc/VsgxphYm/LI0169.jpg,OFERTA
LI0867,POETT MUSICA PRIMAV.900M,12 / 900 ML,$208.46,$17.37,https://i.postimg.cc/8PDhJyWJ/LI0867.jpg,OFERTA
LI2803,POETT PRIMAVERA,12 / 900 ML,$208.46,$17.37,https://i.postimg.cc/5t7Vvk6x/LI2803.jpg,OFERTA
LI2819,POETT SUAVIDAD ALGODO,12 / 900 ML,$208.46,$17.37,https://i.postimg.cc/Fzc5MrGR/LI2819.jpg,OFERTA
ME0134,CLEMENTE JACQUES FRESA,24 / 270 GR,$488.90,$20.37,https://i.postimg.cc/Pqdyz1NL/ME0134.jpg,OFERTA
ME0145,MCCORMICK MER/FRESA,12 / 165 GR,$218.63,$18.22,https://i.postimg.cc/MTQFTsB3/ME0145.jpg,OFERTA
MO0305,DOÑA MARIA MOLE ROJO125G,24 / 125 GR,$548.63,$22.86,https://i.postimg.cc/P57ywWTg/MO0305.jpg,OFERTA
MO0323,DOÑA MARIA MOLE ROJO235G,24 / 235 GR,$957.64,$39.90,https://i.postimg.cc/QdCSC4Gg/MO0323.jpg,OFERTA
MY0509,MAY. M.C.ENSAL. 3.8K,4 / 3.8 LT,$783.22,$195.81,https://i.postimg.cc/90NRnB8V/MY0509.jpg,OFERTA
MY0383,MAY. M.C.ENSAL. N.4 110G,24 / 110 GR,$316.42,$13.18,https://i.postimg.cc/FKjSH3Rg/MY0383.jpg,OFERTA
MY0751,MAY. M.C.ENSAL. NO.16,12 / 420 GR,$450.26,$37.52,https://i.postimg.cc/hPkhQvNC/MY0751.jpg,OFERTA
MY0754,MAY. M.C.ENSAL. NO.64 1.8K,6 / 1.8 KG,$749.31,$124.89,https://i.postimg.cc/Xqpk872S/MY0754.jpg,OFERTA
MY0755,MAY. M.C.ENSAL. NO.8,24 / 210 GR,$514.42,$21.43,https://i.postimg.cc/L8zBvWVX/MY0755.jpg,OFERTA
MY0318,MAY. M.C.ENSAL. OMEGA3,12 / 775 GR,$747.80,$62.32,https://i.postimg.cc/DZP1BL3y/MY0318.jpg,OFERTA
PB0790,BABY SOFT KITTY MY MELODY-KUROMII.,18 / 80 UNI,$420.39,$23.36,https://i.postimg.cc/HWzRCtNQ/PB0790.jpg,OFERTA
PB0792,BABY SOFT KITTY Y KEROPPI,18 / 80 UNI,$420.39,$23.36,https://i.postimg.cc/wTBPxmKn/PB0792.jpg,OFERTA
PB0728,KBB SUAVELASTIC T.HUM 80PZ,24 / 80 UNI,$534.79,$22.28,https://i.postimg.cc/jSPRrQM4/PB0728.jpg,OFERTA
PB0420,TALCO MENNEN AZUL 100 GR,24 / 100 GR,"$1,099.76",$45.82,https://i.postimg.cc/rpQ8jwY2/PB0420.jpg,OFERTA
PB0422,TALCO MENNEN ROSA 100 GR,24 / 100 GR,"$1,099.76",$45.82,https://i.postimg.cc/WbX4L4XX/PB0422.jpg,OFERTA
PB0622,TOALL. HUM. CHICOLASTIC 80s,12 / 80 UNI,$264.08,$22.01,https://i.postimg.cc/JnsGBX72/PB0622.jpg,OFERTA
PB0631,TOALL. HUM. HUGGIES NAT.C/AROMA 80S,18 / 80 UNI,$766.69,$42.59,https://i.postimg.cc/VvMvKcC9/PB0631.jpg,OFERTA
PB0630,TOALL. HUM. HUGGIES RELAJANTE 80S,18 / 80 UNI,$766.69,$42.59,https://i.postimg.cc/y8HttgkK/PB0630.jpg,OFERTA
PB0710,TOALL. HUM. HUGGIES SUPREME 80s,18 / 80 UNI,$860.78,$47.82,https://i.postimg.cc/brQYQH73/PB0710.jpg,OFERTA
PB0695,TOALL. HUM. KBB ABSORSEC 120s,24 / 120 UNI,$526.30,$21.93,https://i.postimg.cc/hG5GgG8b/PB0695.jpg,OFERTA
PB0694,TOALL. HUM. KBB ABSORSEC 90s,24 / 90 UNI,$364.15,$15.17,https://i.postimg.cc/SKQ5QB6t/PB0694.jpg,OFERTA
PD1137,KBB ABSORSEC CHIC.40s,4 / 40 UNI,$437.70,$109.43,https://i.postimg.cc/J4fc71x8/PD1137.jpg,OFERTA
PD1142,KBB ABSORSEC GD 3s,16 / 3 UNI,$180.21,$11.26,https://i.postimg.cc/zBGT23zC/PD1142.jpg,OFERTA
PD1147,KBB ABSORSEC GDE.14s,6 / 14 UNI,$269.55,$44.93,https://i.postimg.cc/pXFz6wH6/PD1147.jpg,OFERTA
PD1143,KBB ABSORSEC JB 3s,16 / 3 UNI,$200.48,$12.53,https://i.postimg.cc/Ss1CBqRw/PD1143.jpg,OFERTA
PD1396,KBB ABSORSEC JBO 4x40s+6,4 / 46 UNI,$628.08,$157.02,https://i.postimg.cc/LXgjFwP5/PD1396.jpg,OFERTA
PD1136,KBB ABSORSEC JBO14s,6 / 14 UNI,$308.56,$51.43,https://i.postimg.cc/9FRYj4G1/PD1136.jpg,OFERTA
PD1140,KBB ABSORSEC JBO40s,4 / 40 UNI,$571.06,$142.77,https://i.postimg.cc/FKZjx04F/PD1140.jpg,OFERTA
PD1899,KBB ABSORSEC MEDIANO 16S,6 / 16 UNI,$256.92,$42.82,https://i.postimg.cc/QC084xMT/PD1899.jpg,OFERTA
PD1138,KBB ABSORSEC ULTRA MED40s,4 / 40 UNI,$436.53,$109.13,https://i.postimg.cc/rw5GKvZr/PD1138.jpg,OFERTA
PD1171,KBB ABSORSEC ULTRA XJ 40s,4 / 40 UNI,$531.76,$132.94,https://i.postimg.cc/Bn5Dq2t5/PD1171.jpg,OFERTA
PD1948,KBB MOVILASTIC GRANDE,4 / 40 UNI,$741.34,$185.34,https://i.postimg.cc/fTfGXBPn/PD1948.jpg,OFERTA
PD1581,KBB MOVILASTIC MAXJBO14s,6 / 14 UNI,$516.86,$86.14,https://i.postimg.cc/Jn3Dmfpd/PD1581.jpg,OFERTA
PD1950,KBB MOVILASTIC XJUMBO,4 / 40 UNI,$837.70,$209.43,https://i.postimg.cc/wjWn43Hw/PD1950.jpg,OFERTA
PD1955,KBB REC. NAC.,4 / 40 UNI,$469.10,$117.28,https://i.postimg.cc/nVjy9gx6/PD1955.jpg,OFERTA
PD1898,KBB SUAVELASTIC CH 14PZ,8 / 16 UNI,$373.71,$46.71,https://i.postimg.cc/k4NXSy3w/PD1898.jpg,OFERTA
PD1167,KBB SUAVELASTIC CHICO 40s,4 / 40 UNI,$564.02,$141.01,https://i.postimg.cc/g2b8Fgck/PD1167.jpg,OFERTA
PD1585,KBB SUAVELASTIC EXJBO40s,4 / 40 UNI,$987.91,$246.98,https://i.postimg.cc/TYf5tptp/PD1585.jpg,OFERTA
PD1580,KBB SUAVELASTIC GDE14s,6 / 14 UNI,$478.02,$79.67,https://i.postimg.cc/hG67ssYB/PD1580.jpg,OFERTA
PD1365,KBB SUAVELASTIC GRANDE+4 GR,4 / 44 UNI,$875.45,$218.86,https://i.postimg.cc/dtPjws4Y/PD1365.jpg,OFERTA
PD1584,KBB SUAVELASTIC JBO40s,4 / 40 UNI,$948.78,$237.20,https://i.postimg.cc/Y21mN1f5/PD1584.jpg,OFERTA
PD1578,KBB SUAVELASTIC MED14s,6 / 14 UNI,$386.02,$64.34,https://i.postimg.cc/vmcV5k3h/PD1578.jpg,OFERTA
PD1897,KBB SUAVELASTIC R.N. ET. 1 20S,8 / 20 UNI,$430.17,$53.77,https://i.postimg.cc/rm2wzPbK/PD1897.jpg,OFERTA
PD1831,KBB SUAVELASTIC XX JUMBO,4 / 40 UNI,$987.69,$246.92,https://i.postimg.cc/4NDxRV3X/PD1831.jpg,OFERTA
PE0680,ALUMINIO ALUPRACTIK 100,12 / 1 UNI,$776.42,$64.70,https://i.postimg.cc/FHLBZrGC/PE0680.png,OFERTA
PE0230,ALUMINIO ALUSOL MOD 07 2.8M,24 / 1 UNI,$215.27,$8.97,https://i.postimg.cc/Hx2qcrJN/PE0233.jpg,OFERTA
PE0232,ALUMINIO ALUSOL MOD 10 4.9M,24 / 1 UNI,$254.93,$10.62,https://i.postimg.cc/Hx2qcrJN/PE0233.jpg,OFERTA
PE0206,ALUMINIO AZTECA 10,24 / 1 UNI,$371.26,$15.47,https://i.postimg.cc/TPz1KG4c/PE0206.jpg,OFERTA
PE0205,ALUMINIO AZTECA 7,24 / 1 UNI,$337.20,$14.05,https://i.postimg.cc/Yq0M279d/PE0205.png,OFERTA
PE0258,ALUMINIO MONARCA MOD 50,12 / 1 UNI,$537.80,$44.82,https://i.postimg.cc/TYty1SZW/PE0258.jpg,OFERTA
PE0245,ALUMINIO MONARCA MOD-10,24 / 1 UNI,$342.78,$14.28,https://i.postimg.cc/d31P0Rqh/PE0245.jpg,OFERTA
PE0244,ALUMINIO MONARCA MOD-8,24 / 1 UNI,$308.31,$12.85,https://i.postimg.cc/76XrDtyv/PE0244.jpg,OFERTA
PH0499,ADORABLE 270 HOJAS,20 / 4 UNI,$401.64,$20.08,https://i.postimg.cc/TYzVXMRd/PH0499.jpg,OFERTA
PH0273,ADORABLE 550 HOJAS,8 / 6 UNI,$383.56,$47.95,https://i.postimg.cc/sxthy7C6/PH0273.jpg,OFERTA
PH0288,ADORABLE HIG. 400HD,20 / 4 UNI,$493.40,$24.67,https://i.postimg.cc/25vJ54z3/PH0288.jpg,OFERTA
PH0631,BIG FACIAL QUALITY 340 HD,12 / 4 UNI,$252.00,$21.00,https://i.postimg.cc/7Zr2W3Vf/PH0631.jpg,OFERTA
PH0247,BIG QUALITY 600HD,8 / 6 UNI,$422.27,$52.78,https://i.postimg.cc/sftTMMNh/PH0247.jpg,OFERTA
PH0489,COTTONELLE BEAUTY 180HD,15 / 4 UNI,$449.06,$29.94,https://i.postimg.cc/QtYPHjky/PH0489.jpg,OFERTA
PH0561,COTTONELLE ELEG. 16PZ,3 / 16 UNI,$346.80,$115.60,https://i.postimg.cc/nhZJ8cd4/PH0561.jpg,OFERTA
PH0537,COTTONELLE HIG.AA 252HD,10 / 4 UNI,$309.52,$30.95,https://i.postimg.cc/mhfmHkc8/PH0537.jpg,OFERTA
PH0283,ELITE COL 200HD,12 / 4 UNI,$203.64,$16.97,https://i.postimg.cc/8PY1qV2w/PH0283.jpg,OFERTA
PH0407,KLEENEX MEGA IND. 80S,80 / 1 UNI,$562.29,$7.03,https://i.postimg.cc/qMNrc5NK/PH0407.jpg,OFERTA
PH0508,LYS HIGIENICO 195 HD,24 / 4 UNI,$277.89,$11.58,https://i.postimg.cc/L6178Kqx/PH0508.jpg,OFERTA
PH0460,MONARCA 12x4s 400HD,12 / 4 UNI,$252.02,$21.00,https://i.postimg.cc/bJ6Xkx8L/PH0460.jpg,OFERTA
PH0570,MONARCA ECO 375HD,12 / 4 UNI,$222.09,$18.51,https://i.postimg.cc/PJZBcBYV/PH0570.jpg,OFERTA
PH0628,MONARCA EX GRANDE 605HD,9 / 4 UN,$291.39,$32.38,https://i.postimg.cc/W1VS7Qjp/PH0628.jpg,OFERTA
PH0350,PETALO RENDIMAX HIG 12s,4 / 12 UNI,$343.32,$85.83,https://i.postimg.cc/rmgTg6G1/PH0350.jpg,OFERTA
PH0417,PETALO ULTRA RESIST.300HD,10 / 4 UNI,$226.17,$22.62,https://i.postimg.cc/4xtTqHbN/PH0417.jpg,OFERTA
PH0415,PETALO ULTRA RESIST.400HD,10 / 4 UNI,$294.18,$29.42,https://i.postimg.cc/QM3r3N0g/PH0415.jpg,OFERTA
PH0465,PETALO ULTRA RESIST.500HD,6 / 6 UNI,$323.96,$53.99,https://i.postimg.cc/Gt9WQ4mR/PH0465.jpg,OFERTA
PH0231,PREMIER MEGA ROLL,12 / 4 UNI,$347.20,$28.93,https://i.postimg.cc/prG2VNpW/PH0231.jpg,OFERTA
PH0588,REGIO AIES LAVANDA 300HD,12 / 4 UNI,$296.61,$24.72,https://i.postimg.cc/BvVkvqCw/PH0588.png,OFERTA
PH0590,REGIO AIRES LAVANDA 200HD,4 / 12 UNI,$185.88,$46.47,https://i.postimg.cc/26LJbPcj/PH0590.png,OFERTA
PH0591,REGIO AIRES LAVANDA 230HD,4 / 18 UNI,$309.51,$77.38,https://i.postimg.cc/HLPSYVsV/PH0591.jpg,OFERTA
PH0589,REGIO AIRES LAVANDA 500HD,6 / 4 UNI,$226.39,$37.73,https://i.postimg.cc/g2GfStJ4/PH0589.jpg,OFERTA
PH0573,REGIO ECONOMAX 250 HD,10 / 4 UNI,$197.12,$19.71,https://i.postimg.cc/7Lt8T1q9/PH0573.jpg,OFERTA
PH0581,REGIO RINDE+500 HD 6s,8 / 6 UNI,$347.50,$43.44,https://i.postimg.cc/d1ynqrJn/ph0581.jpg,OFERTA
PH0530,REGIO RINDE+6+2sROLL,5 / 8 UNI,$240.41,$48.08,https://i.postimg.cc/Gpqg5bNm/PH0530.jpg,OFERTA
PH0550,SUAVEL 325 HD 4s,10 / 4 UNI,$236.78,$23.68,https://i.postimg.cc/wTDpbskx/PH0550.jpg,OFERTA
PH0169,SUAVEL HIGIENICO 12s,4 / 12 UNI,$195.58,$48.90,https://i.postimg.cc/tTzqfnbV/PH0169.jpg,OFERTA
PH0158,SUAVEL HIGIENICO 4s,12 / 4 UNI,$181.89,$15.16,https://i.postimg.cc/gctQj9Dm/PH0158.jpg,OFERTA
PH0344,SUAVEL HIGIENICO M JUMBO,20 / 4 UNI,$573.36,$28.67,https://i.postimg.cc/MG7qMfvr/PH0344.jpg,OFERTA
PH0902,VOGUE HIGIENICO NVO 4s,24 / 4 UNI,$615.83,$25.66,https://i.postimg.cc/fTNFyqxZ/PH0902.jpg,OFERTA
PH0904,VOGUE HIGIENICO NVO 80s,80 / 1 UNI,$538.20,$6.73,https://i.postimg.cc/6p6mL7jm/PH0904.jpg,OFERTA
PL1229,MAGITEL MULT/EXTRA GRANDE 5 UNI.,48 / 5 UNI,$896.05,$18.67,https://i.postimg.cc/439bzsg0/PL1229.jpg,OFERTA
PL1159,VANISH REMOV.MANCHAS 420M,12 / 420 ML,$300.23,$25.02,https://i.postimg.cc/9fR1JyGJ/PL1159.jpg,OFERTA
PT0163,DEL FUERTE 259 GRS.,24 / 259 GR,$185.12,$7.71,https://i.postimg.cc/SNq4yCrQ/PT0163.jpg,OFERTA
PT0140,DEL FUERTE P.TOMA 1KG,12 / 1 KG,$339.66,$28.31,https://i.postimg.cc/FzRYVVSK/PT0140.jpg,OFERTA
PT0148,DEL FUERTE P.TOMA 345GR,24 / 345 GR,$294.87,$12.29,https://i.postimg.cc/ZnMC7vPx/PT0148.jpg,OFERTA
PT0188,DEL FUERTE P.TOMA PREC.ES,12 / 1 KG,$320.84,$26.74,https://i.postimg.cc/FzRYVVSK/PT0140.jpg,OFERTA
RE1688,AMPER PREDATOR 12/473M,12 / 473 ML,$195.12,$16.26,https://i.postimg.cc/6qJ9yVhS/RE1688.jpg,OFERTA
RE1698,AMPER SPEED 473M,12 / 473 ML,$195.12,$16.26,https://i.postimg.cc/pVzW37Wt/RE1698.jpg,OFERTA
RE1679,VOLT GUARANA Y.S/TAU473M,15 / 473 ML,$242.41,$16.16,https://i.postimg.cc/yYhN3GtT/RE1679.jpg,OFERTA
RI1337,CONC ARROZ DELICIOSA 180,24 / 180 ML,$343.97,$14.33,https://i.postimg.cc/gjYTSncj/RI1337.jpg,OFERTA
SA0222,SAL VILLACAMPO DE MESA 1K,20 / 1 KG,$253.63,$12.68,https://i.postimg.cc/9MN7SkC9/SA0222.png,OFERTA
SD0150,SARDINAS MARINERO TOM.155G,48 / 155 GR,$535.71,$11.16,https://i.postimg.cc/LXZf1Mcs/SD0150.jpg,OFERTA
SD0151,SARDINAS MARINERO TOM.425G,24 / 425 GR,$707.14,$29.46,https://i.postimg.cc/yx4RhbKy/SD0151.jpg,OFERTA
SE0242,ADORABLE SERV.,24 / 100 UNI,$234.52,$9.77,https://i.postimg.cc/wv1kvz52/SE0242.jpg,OFERTA
SE0217,DELSEY SERV. 100s,48 / 100 UNI,$602.72,$12.56,https://i.postimg.cc/prH955Q0/SE0217.jpg,OFERTA
SE0158,ELITE STOALLA,20 / 1 UNI,$405.75,$20.29,https://i.postimg.cc/L861VPcw/SE0158.jpg,OFERTA
SE0230,FANCY SERV. BLANCA 360s,12 / 360 UNI,$404.65,$33.72,https://i.postimg.cc/9MG02F3y/SE0230.jpg,OFERTA
SE0258,LA PRUEBA SERV. 125s,24 / 125 UNI,$244.01,$10.17,https://i.postimg.cc/BbSSGTBG/SE0258.jpg,OFERTA
SE0257,LA PRUEBA SERV. 500s,12 / 500 UNI,$389.63,$32.47,https://i.postimg.cc/KzrGVqLN/SE0257.jpg,OFERTA
SE0248,MARLI SERV. 250s,24 / 250 UNI,$479.33,$19.97,https://i.postimg.cc/MKZHkS9j/SE0248.jpg,OFERTA
SE0143,PETALO SERV. BLANCA,48 / 100 UNI,$777.54,$16.20,https://i.postimg.cc/rF94WjP5/SE0143.jpg,OFERTA
SE0254,PETALO STOALLA 230HD,12 / 1 UNI,$305.45,$25.45,https://i.postimg.cc/fRz5YxVV/SE0254.jpg,OFERTA
SE2001,PREMIER 450 UNI.,12 / 450 UNI,$529.74,$44.15,https://i.postimg.cc/zBgkq7cc/SE2001.jpg,OFERTA
SE0193,REGIO STOALLA HOGAR,12 / 1 UNI,$260.17,$21.68,https://i.postimg.cc/R02J9DWx/SE0193.jpg,OFERTA
SE0163,SUAVEL SERV. 180S,24 / 180 UNI,$524.85,$21.87,https://i.postimg.cc/6pjGb3w3/SE0163.jpg,OFERTA
SE0225,SUAVEL STOALLA 120 HD,15 / 1 UNI,$229.09,$15.27,https://i.postimg.cc/DwM8dMd4/SE0225.jpg,OFERTA
SE0220,VOGUE SERV. 100s,48 / 100 UNI,$570.26,$11.88,https://i.postimg.cc/zGByhrW1/SE0220.jpg,OFERTA
SE0221,VOGUE SERV. 380S,12 / 380 UNI,$495.26,$41.27,https://i.postimg.cc/GhM2d5fg/SE0221.jpg,OFERTA
SE0144,VOGUE STOALLA 50 HJS,6 / 3 UNI,$244.50,$40.75,https://i.postimg.cc/WbVrhCX2/SE0144.jpg,OFERTA
SH3396,CAPRICE SH ACE.HERB200M,15 / 200 ML,$215.37,$14.36,https://i.postimg.cc/cJc1kkfc/SH3396.jpg,OFERTA
SH3394,CAPRICE SH CONT.CAI 200M,15 / 200 ML,$217.13,$14.48,https://i.postimg.cc/R0mVRxJF/SH3394.jpg,OFERTA
SH3392,CAPRICE SH FZAAC.CER.380M,15 / 200 ML,$349.95,$23.33,https://i.postimg.cc/c4VJvnsf/SH3392.jpg,OFERTA
SH3395,CAPRICE SH FZAAC.CER.380M,15 / 200 ML,$216.04,$14.40,https://i.postimg.cc/c4VJvnsf/SH3392.jpg,OFERTA
SH3393,CAPRICE SH FZAAC.CRE.200M,15 / 200 ML,$215.98,$14.40,https://i.postimg.cc/L8L8L8Xw/SH3393.jpg,OFERTA
SH4196,CAPRICE SH LIM.REF.200M,15 / 200 ML,$217.00,$14.47,https://i.postimg.cc/MGrBrG75/SH4196.jpg,OFERTA
SH2947,H&S SH 3EN1,12 / 180 ML,$477.72,$39.81,https://i.postimg.cc/8Pg3sp2j/SH2947.jpg,OFERTA
SH2896,H&S SH ANTIFALL,12 / 180 ML,$477.72,$39.81,https://i.postimg.cc/rmdbRKyt/SH2896.jpg,OFERTA
SH3550,H&S SH HIDRAT. COCO,12 / 180 ML,$478.00,$39.83,https://i.postimg.cc/T3JhBP6m/SH3550.jpg,OFERTA
SH2897,H&S SH LIMPIEZA RENOVADORA,12 / 180 ML,$477.72,$39.81,https://i.postimg.cc/wvSrXg34/SH2897.jpg,OFERTA
SH3526,H&S SH PURIFICACION C.,12 / 180 ML,$473.62,$39.47,https://i.postimg.cc/Hs7Y1kQn/SH3526.jpg,OFERTA
SH4338,HEAD & S. ANTI-COMEZON MENTA,12 / 180 ML,$478.02,$39.84,https://i.postimg.cc/gcy9BrPC/SH4338.jpg,OFERTA
SH3545,OPTIMS SH 2EN1 EXT.INTENS. 60ML,24 / 60 ML,$279.06,$11.63,https://i.postimg.cc/Qx5FkbYf/SH3545.png,OFERTA
SH2701,OPTIMS SH EXTRA INTENS.200M,12 / 200 ML,$263.64,$21.97,https://i.postimg.cc/fLg2wZxT/SH2701.jpg,OFERTA
SH2721,OPTIMS SH EXTRA INTENS.400M,12 / 400 ML,$457.54,$38.13,https://i.postimg.cc/BbLhbyg5/SH2721.jpg,OFERTA
SH3385,OPTIMS SH NIVEL 4 700 ML,12 / 700 ML,$965.31,$80.44,https://i.postimg.cc/ZnnqdPBx/SH3385.jpg,OFERTA
SP0465,BARILLA LASAGNA COLLEZIEONE 1,12 / 250 GR,$507.63,$42.30,https://i.postimg.cc/T3BG7Mym/SP0465.jpg,OFERTA
SP0498,BARILLA MINI CONCHIGLIE,14 / 250 GR,$172.69,$12.34,https://i.postimg.cc/Hs3qdKn3/SP0498.jpg,OFERTA
SP0499,BARILLA MINI FUSILLI,14 / 250 GR,$172.69,$12.34,https://i.postimg.cc/x1CWCRbQ/SP0499.jpg,OFERTA
SP0705,BARILLA MINI TORTIGLIONI,16 / 250 GR,$197.36,$12.34,https://i.postimg.cc/Rh4YzQzj/SP0705.jpg,OFERTA
SP0405,BARILLA PA.FETTUCCIN.500G,25 / 500 GR,$503.80,$20.15,https://i.postimg.cc/50d40db1/SP0405.jpg,OFERTA
SP0395,BARILLA PASTA CODO NO. 4 500GR,12 / 500 GR,$250.19,$20.85,https://i.postimg.cc/htvPZ12F/SP0395.jpg,OFERTA
SP0245,BARILLA SPAGHET. NO. 7 500 GR,25 / 500 GR,$514.40,$20.58,https://i.postimg.cc/7YD597vD/SP0245.jpg,OFERTA
SP0452,BARILLA SPAGHET.No.5 220G,20 / 220 GR,$168.35,$8.42,https://i.postimg.cc/zXXJ3kZL/SP0452.png,OFERTA
SP0397,BARILLA SPAGHET.No.5 500G,25 / 500 GR,$503.80,$20.15,https://i.postimg.cc/FKJFNstD/SP0397.jpg,OFERTA
SP0726,KNORR ESTRELLITAS 95GR+4 GRAT,2 / 8 UNI,$243.72,$121.86,https://i.postimg.cc/9f0wRCtN/SP0726-JPG.jpg,OFERTA
SP0371,NISSIN RAMEN CAMARON,24 / 85 GR,$163.56,$6.82,https://i.postimg.cc/D088cdPT/SP0371.jpg,OFERTA
SP0490,NISSIN RAMEN HABAN/LIM,30 / 85 GR,$334.52,$11.15,https://i.postimg.cc/c46VVkGc/SP0490.jpg,OFERTA
SP0369,NISSIN RAMEN POLLO,24 / 85 GR,$163.56,$6.82,https://i.postimg.cc/zv632bxR/SP0369.jpg,OFERTA
SR0925,ENSUEÑO AZUL 850+150ML,12 / 1 LT,$284.68,$23.72,https://i.postimg.cc/7Yw0tjv5/SR0925.jpg,OFERTA
SR0486,ENSUEÑO BEBE,12 / 450 ML,$190.17,$15.85,https://i.postimg.cc/63XDGBSW/SR0486.jpg,OFERTA
SR0242,ENSUEÑO BEBE ZERO 850ML,12 / 850 ML,$284.68,$23.72,https://i.postimg.cc/NG7QDz7C/SR0242.jpg,OFERTA
SR0237,ENSUEÑO COLOR F. VERANO,12 / 850 ML,$265.58,$22.13,https://i.postimg.cc/YSGpx2bQ/SR0237.jpg,OFERTA
SR0489,ENSUEÑO COLOR FRES PRIMAV,12 / 450 ML,$190.17,$15.85,https://i.postimg.cc/85mxRqQh/SR0489.jpg,OFERTA
SR0965,ENSUEÑO COLOR TURQUESA 1 LT,12 / 1 LT,$227.48,$18.96,https://i.postimg.cc/0yJkY2tD/SR0965.jpg,OFERTA
SR0239,ENSUEÑO F ARM ZERO 850ML,12 / 850 ML,$284.68,$23.72,https://i.postimg.cc/hGkKZF56/SR0239.jpg,OFERTA
SR0904,ENSUEÑO F PRI 850M+2 450M,12 / 850 ML,$284.69,$23.72,https://i.postimg.cc/bJS98nLd/SR0904.jpg,OFERTA
SR0945,ENSUEÑO FRESCURA PRIMAVERAL,8 / 850 ML,$166.06,$20.76,https://i.postimg.cc/W3chFJTd/SR0945.jpg,OFERTA
SR0989,ENSUEÑO JARD. FRESCO 1L,12 / 1 LT,$227.45,$18.95,https://i.postimg.cc/kXL9gPn4/SR0989.jpg,OFERTA
SR0797,ENSUEÑO MAX F.AZUL 850M,12 / 850 ML,$284.69,$23.72,https://i.postimg.cc/8zwHbNjk/SR0797.jpg,OFERTA
SR0782,ENSUEÑO MAX F.PRI+150M 1L,12 / 1 LT,$284.69,$23.72,https://i.postimg.cc/6Q5HsTDG/SR0782.jpg,OFERTA
SR0487,ENSUEÑO MAX FRES PRIMAV,12 / 450 ML,$190.17,$15.85,https://i.postimg.cc/rshbbxps/SR0487.jpg,OFERTA
SR0488,ENSUEÑO MAX FRESCO VERANO,12 / 450 ML,$190.17,$15.85,https://i.postimg.cc/3r9Pd5Zh/SR0488.jpg,OFERTA
SR0485,ENSUEÑO MAX ROCIO VIOL,12 / 450 ML,$190.17,$15.85,https://i.postimg.cc/PqZgxCSV/SR0485.jpg,OFERTA
SR0906,ENSUEÑO MAX RV 1L PRE.ESP,12 / 1 LT,$284.69,$23.72,https://i.postimg.cc/hv98QqkB/SR0906.jpg,OFERTA
SR0784,ENSUEÑO NAT LAV/MORA 850M,12 / 850 ML,$284.69,$23.72,https://i.postimg.cc/43LWXsg2/SR0784.jpg,OFERTA
SR0920,ENSUEÑO NAT LICHI+ARG850M,12 / 850 ML,$284.68,$23.72,https://i.postimg.cc/3RGmzTJv/SR0920.jpg,OFERTA
SR1110,ENSUEÑO NAT. ARGAN MAND +2 GRATIS,15 / 850 ML,$315.50,$21.03,https://i.postimg.cc/R0jGKFM1/SR1110-JPG.jpg,OFERTA
SR0573,ENSUEÑO NAT.ARGAN MANDARI,12 / 850 ML,$284.68,$23.72,https://i.postimg.cc/HL46RXZm/SR0573.jpg,OFERTA
SR0344,ENSUEÑO NAT.AVENA/ALMEND,12 / 850 ML,$284.68,$23.72,https://i.postimg.cc/jj7b7gSX/SR0344.jpg,OFERTA
SR0338,ENSUEÑO NAT.PEPINO/BAMBU,12 / 850 ML,$284.68,$23.72,https://i.postimg.cc/VkTw5Qmv/SR0338.jpg,OFERTA
SR0526,ENSUEÑO NATUREZA COCO,12 / 850 ML,$284.68,$23.72,https://i.postimg.cc/Mpf4PcJZ/SR0526.jpg,OFERTA
SR0238,ENSUEÑO R.VIOLETAS Z.ENJ.,12 / 850 ML,$284.68,$23.72,https://i.postimg.cc/k4Wqk1r4/SR0238.jpg,OFERTA
SR0241,ENSUEÑO SENSA ZERO 850ML,12 / 850 ML,$284.68,$23.72,https://i.postimg.cc/yxPBND8C/SR0241.jpg,OFERTA
SR0240,ENSUEÑO ZERO F PRIM 850ML,12 / 850 ML,$284.68,$23.72,https://i.postimg.cc/gjdmdVdK/SR0240.jpg,OFERTA
SR0278,ENSUEÑO ZERO F VERANO850M,12 / 850 ML,$284.68,$23.72,https://i.postimg.cc/yY1sbyL1/SR0278.jpg,OFERTA
SR1104,PRINCESA AZUL POUCH,18 / 300 ML,$160.26,$8.90,https://i.postimg.cc/SQf5f56q/SR1104.jpg,OFERTA
SR1105,PRINCESA ROSA POUCH,18 / 300 ML,$171.79,$9.54,https://i.postimg.cc/GmVSp1CP/SR1105.jpg,OFERTA
SR0759,PRINCESA SOLEADA PRIMAVERA 750 MLS.,12 / 750 ML,$195.25,$16.27,https://i.postimg.cc/hGp9VrZX/SR0759.jpg,OFERTA
SR0981,PRINCESA SUAV. ROSA,12 / 750 ML,$220.69,$18.39,https://i.postimg.cc/63BBxVBf/SR0981.jpg,OFERTA
SR0761,PRINCESA SUAV.BEBE,12 / 750 ML,$220.69,$18.39,https://i.postimg.cc/0Q4DBNsx/SR0761.jpg,OFERTA
SR0462,SUAVITEL ANOCHECER REG,12 / 850 ML,$283.31,$23.61,https://i.postimg.cc/mg0xBYyF/SR0462.jpg,OFERTA
SR0419,SUAVITEL AP PRIMAV,12 / 450 ML,$265.61,$22.13,https://i.postimg.cc/X71SDSZL/SR0419.jpg,OFERTA
SR0196,SUAVITEL AROMA DE SOL,12 / 850 ML,$283.31,$23.61,https://i.postimg.cc/W1fNrq62/SR0196.jpg,OFERTA
SR0359,SUAVITEL BEBE ANTIBACTERI,12 / 850 ML,$283.31,$23.61,https://i.postimg.cc/vB7wP49x/SR0359.jpg,OFERTA
SR0958,SUAVITEL COM.ACQUA 700M,12 / 700 ML,$290.25,$24.19,https://i.postimg.cc/g2s0vHwz/SR0958.jpg,OFERTA
SR0959,SUAVITEL COM.ANOCHEC.700M,12 / 700 ML,$290.25,$24.19,https://i.postimg.cc/7PmZDRGG/SR0959.jpg,OFERTA
SR0957,SUAVITEL COM.ARO.SOL 700M,12 / 700 ML,$290.25,$24.19,https://i.postimg.cc/q7y7TMy4/SR0957.jpg,OFERTA
SR0956,SUAVITEL COM.PRIM.700M,12 / 700 ML,$290.25,$24.19,https://i.postimg.cc/ZRLKW7wQ/SR0956.jpg,OFERTA
SR0963,SUAVITEL COMP. FRESCA PRIM +3 GRAT,15 / 700 ML,$290.25,$19.35,https://i.postimg.cc/kXHMRty7/SR0963.jpg,OFERTA
SR0751,SUAVITEL COMP.FRES.PRIMAV,18 / 300 ML,$274.91,$15.27,https://i.postimg.cc/25zQqJGp/SR0751.jpg,OFERTA
SR0983,SUAVITEL MOM. MAG. ABRAZOS DE AMOR,12 / 650 ML,$221.47,$18.46,https://i.postimg.cc/FzRm79df/SR0983.jpg,OFERTA
SR0420,SUAVITEL PRIMAVERAL,12 / 450 ML,$182.56,$15.21,https://i.postimg.cc/52Hch7LV/SR0420.jpg,OFERTA
SR0195,SUAVITEL PRIMAVERAL,12 / 850 ML,$283.31,$23.61,https://i.postimg.cc/Qxmx8yFK/SR0195.jpg,OFERTA
SR0417,SUAVITEL SOL,12 / 450 ML,$182.56,$15.21,https://i.postimg.cc/pXLMZXdy/SR0417.jpg,OFERTA
SR0416,VEL ROSITA,12 / 450 ML,$328.73,$27.39,https://i.postimg.cc/qBLdyC49/SR0416.jpg,OFERTA
SR0508,VEL ROSITA DOY-PACK,18 / 500 ML,$584.33,$32.46,https://i.postimg.cc/9FnKYdSN/SR0508.jpg,OFERTA
SS0256,BARILLA SALSA BOLOGNESE,12 / 400 GR,$905.10,$75.43,https://i.postimg.cc/ZRfzk17J/SS0256.jpg,OFERTA
SS2203,BOTANERA CLAS. PIC.,12 / 1 KG,$311.06,$25.92,https://i.postimg.cc/T3W0Nr9g/SS2203.jpg,OFERTA
SS2201,BOTANERA CLAS. PIC.,24 / 500 GR,$384.61,$16.03,https://i.postimg.cc/MKHdVkfs/SS2201.jpg,OFERTA
SS0147,CLEMENTE J. CATSUP,24 / 225 ML,$269.13,$11.21,https://i.postimg.cc/509WRxmP/SS0147.jpg,OFERTA
SS1508,DEL MONTE SALSA TAQUERA,24 / 210 ML,$281.84,$11.74,https://i.postimg.cc/d3KHxnvJ/SS1508.jpg,OFERTA
SS1509,DEL MONTE SALSA VERDE,24 / 210 ML,$281.84,$11.74,https://i.postimg.cc/fyj2nXTm/SS1509.jpg,OFERTA
SS3803,EMBASA SALSA CATSUP,12 / 1 LT,$272.88,$22.74,https://i.postimg.cc/PJ44Fj2M/SS3803.jpg,OFERTA
SS3802,EMBASA SALSA CATSUP,24 / 380 GR,$259.88,$10.83,https://i.postimg.cc/kG9sc4F4/SS3802.jpg,OFERTA
SS0803,HERDEZ S. HABANERO200G,24 / 200 GR,$232.52,$9.69,https://i.postimg.cc/2ypMfrdR/SS0803.jpg,OFERTA
SS1603,HERDEZ S. VERDE,48 / 210 ML,$475.02,$9.90,https://i.postimg.cc/vZSPsGMq/SS1603.jpg,OFERTA
SS0784,HERDEZ S.CASERA 210G,24 / 210 GR,$204.65,$8.53,https://i.postimg.cc/nLz64dV5/SS0784.jpg,OFERTA
SS0144,HUNT S P/PASTA TRADIC.,24 / 360 GR,$601.49,$25.06,https://i.postimg.cc/KY22t73h/SS0144.jpg,OFERTA
SS0146,HUNT´S 4 QUESOS,24 / 360 GR,$601.49,$25.06,https://i.postimg.cc/TPJX0ynL/SS0146.jpg,OFERTA
SS0574,LA COSTEÑA SALSA CASERA,24 / 220 GR,$225.46,$9.39,https://i.postimg.cc/sxB8k1GJ/SS0574.jpg,OFERTA
SS5903,MEGA CHAMOY 1KG,12 / 1 KG,$340.47,$28.37,https://i.postimg.cc/pTNVWH0z/SS5903.jpg,OFERTA
SS5904,MEGA CHAMOY 500ML,24 / 500 ML,$417.15,$17.38,https://i.postimg.cc/Przk3rJS/SS5904.jpg,OFERTA
SV0134,NISSIN CAMARON HABANERO,12 / 64 GR,$149.28,$12.44,https://i.postimg.cc/t475D8Ph/SV0134.jpg,OFERTA
SV0147,NISSIN CUP HOT SAU CAMARO,12 / 64 GR,$149.28,$12.44,https://i.postimg.cc/ydCy1dGP/SV0147.jpg,OFERTA
SV0146,NISSIN CUP HOT SAU POLLO,12 / 64 GR,$149.28,$12.44,https://i.postimg.cc/ZqdLz3wn/SV0146.jpg,OFERTA
SV0157,NISSIN CUPNOOD.CAMARO.FUE,12 / 64 GR,$152.74,$12.73,https://i.postimg.cc/0jcY0CyW/SV0157.jpg,OFERTA
SV0602,NISSIN CUPNOODLES CAM/PIC,12 / 64 GR,$149.28,$12.44,https://i.postimg.cc/7hY7hTng/SV0602.jpg,OFERTA
SV0601,NISSIN CUPNOODLES CAMARON,12 / 64 GR,$149.28,$12.44,https://i.postimg.cc/cHcwdcwx/SV0601.jpg,OFERTA
SV0158,NISSIN CUPNOODLES DIABLO,12 / 64 GR,$152.74,$12.73,https://i.postimg.cc/593SJfSB/SV0158.jpg,OFERTA
SV0603,NISSIN CUPNOODLES POLLO,12 / 64 GR,$149.28,$12.44,https://i.postimg.cc/HnZMys6F/SV0603.jpg,OFERTA
SV0604,NISSIN CUPNOODLES RES,12 / 84 GR,$149.28,$12.44,https://i.postimg.cc/NGpmVpQb/SV0604.jpg,OFERTA
SV0167,NISSIN FLAMAS LIMON 64G,12 / 64 GR,$152.74,$12.73,https://i.postimg.cc/6p7rCnJc/SV0167.jpg,OFERTA
TF0144,ALWAYS ACTIV NOCT C ALAS,12 / 8 UNI,$323.18,$26.93,https://i.postimg.cc/JhxznY62/TF0144.jpg,OFERTA
TF0381,ALWAYS MAS SUAVE NOC.C/A,12 / 8 UNI,$312.38,$26.03,https://i.postimg.cc/c124rnh0/TF0381.jpg,OFERTA
TF0962,ALWAYS NOCHE SUAVE,12 / 22 UNI,$800.15,$66.68,https://i.postimg.cc/CMB2mBWZ/TF0962.jpg,OFERTA
TF0379,ALWAYS PINKCESS C/ALAS,8 / 10 UNI,$169.99,$21.25,https://i.postimg.cc/XqRVhRqp/TF0379.jpg,OFERTA
TF0896,ALWAYS SECA PROTECC.TOTAL,8 / 10 UNI,$221.90,$27.74,https://i.postimg.cc/T2gY5P4b/TF0896.jpg,OFERTA
TF0551,FIORE ANATOMICA C/ALAS,12 / 8 UNI,$131.15,$10.93,https://i.postimg.cc/L8Rq8P4h/TF0551.jpg,OFERTA
TF0550,FIORE ANATOMICA S/ALAS,12 / 8 UNI,$115.44,$9.62,https://i.postimg.cc/7YSG49kp/TF0550.jpg,OFERTA
TF0553,FIORE ULTRADELGADA,12 / 10 UNI,$138.55,$11.55,https://i.postimg.cc/zfGVn1gr/TF0553.jpg,OFERTA
TF1077,KOTEX NAT. NOCT C/A 36S,6 / 36 UNI,$273.77,$45.63,https://i.postimg.cc/RCXpR7yx/TF1077.jpg,OFERTA
TF0537,KOTEX NATFLEX MAN NOCTC/A,8 / 10 UNI,$148.87,$18.61,https://i.postimg.cc/KjMbn0fF/TF0537.jpg,OFERTA
TF0532,KOTEX NATFLEX MANZ A S/A,10 / 10 UNI,$162.14,$16.21,https://i.postimg.cc/1t4szmN8/TF0532.jpg,OFERTA
TF0878,KOTEX NATURAL.C/MZANI.C/A,10 / 10 UNI,$146.10,$14.61,https://i.postimg.cc/0N42DKvY/TF0878.jpg,OFERTA
TF1091,"KOTEX NOCT, C/A 8S",10 / 8 UNI,$199.71,$19.97,https://i.postimg.cc/FRhc0QVC/TF1092.jpg,OFERTA
TF1096,KOTEX OPT. REG. S/A 10S,12 / 10 UNI,$196.13,$16.34,https://i.postimg.cc/66jR4g2z/TF1096.jpg,OFERTA
TF1097,KOTEX OPTI SLIM C/A,12 / 10 UNI,$198.84,$16.57,https://i.postimg.cc/6pdycm3k/TF1097.jpg,OFERTA
TF1108,KOTEX PANTI ROSA REGULARES 14/22 UNI.,14 / 22 UNI,$242.65,$17.33,https://i.postimg.cc/gJ9p7YT4/TF1108.jpg,OFERTA
TF1107,KOTEX PANTY LARGO 14S,12 / 92 UNI,$562.71,$46.89,https://i.postimg.cc/L89FrKZ2/TF1107.jpg,OFERTA
TF1094,KOTEX PANTY REG 44S,24 / 44 UNI,$847.77,$35.32,https://i.postimg.cc/NFzHh2qZ/TF1094.jpg,OFERTA
TF1127,KOTEX U OPTIM SLIM C/A,18 / 10 UNI,$412.97,$22.94,https://i.postimg.cc/bJR5RpcZ/TF1127.jpg,OFERTA
TF1133,KOTEX UNIKA DIG. TAMPON,16 / 12 UNI,$509.58,$31.85,https://i.postimg.cc/sXncXXC4/TF1133.jpg,OFERTA
TF1128,KOTEX UNIKA OPTIMUS NOCT,8 / 10 UNI,$203.13,$25.39,https://i.postimg.cc/Bn1wVxf9/TF1128.jpg,OFERTA
TF1131,KOTEX UNIKA PANTY REG,14 / 22 UNI,$242.65,$17.33,https://i.postimg.cc/cCHFM3Bz/TF1131.jpg,OFERTA
TF1135,KOTEX UNIKA REG C/A,10 / 8 UNI,$137.76,$13.78,https://i.postimg.cc/pr4Jf6T9/TF1135.jpg,OFERTA
TF0838,NATURELLA C/MANZANI.C/A,10 / 8 UNI,$137.42,$13.74,https://i.postimg.cc/Kvhj0TMQ/TF0838.jpg,OFERTA
TF0840,NATURELLA C/MANZANILL.S/A,12 / 8 UNI,$153.05,$12.75,https://i.postimg.cc/rFGm3pGT/TF0840.jpg,OFERTA
TF0964,NATURELLA CUID. NOCT. C/A,12 / 24 UNI,$776.74,$64.73,https://i.postimg.cc/Gp6dH0Pz/TF0964.jpg,OFERTA
TF0802,NATURELLA NOCTURNA C/A,12 / 8 UNI,$269.28,$22.44,https://i.postimg.cc/ydwx4gr1/TF0802.jpg,OFERTA
TF0575,SABA AMORE NOCTURNA,10 / 8 UNI,$128.16,$12.82,https://i.postimg.cc/y8JDWgfR/TF0575.jpg,OFERTA
TF0218,SABA AMORE REG C/A,8 / 8 UNI,$81.97,$10.25,https://i.postimg.cc/yxg1L1VM/TF0218.jpg,OFERTA
TF0216,SABA AMORE REG S/A,10 / 8 UNI,$90.78,$9.08,https://i.postimg.cc/PxFfbpkb/TF0216.jpg,OFERTA
TF0767,SABA B.NOCHES EXTRA C/ALA,14 / 8 UNI,$325.92,$23.28,https://i.postimg.cc/Vvn6Yf3j/TF0767.jpg,OFERTA
TF1069,SABA BUENAS N.C/A+2 PAQ,14 / 8 UNI,$297.42,$21.24,https://i.postimg.cc/MZYQVgVY/TF1069.jpg,OFERTA
TF2180,SABA BUENAS NOCHES 14/8,14 / 8 UNI,$279.57,$19.97,https://i.postimg.cc/j2mz1SyP/TF2180.jpg,OFERTA
TF0934,SABA BUENAS NOCHES C/A,16 / 12 UNI,$618.69,$38.67,https://i.postimg.cc/02CkZBx2/TF0934.jpg,OFERTA
TF0956,SABA BUENAS NOCHES DESP.,6 / 24 UNI,$336.13,$56.02,https://i.postimg.cc/wjf6YR7C/TF0956.jpg,OFERTA
TF2178,SABA CLIP 14/10,14 / 10 UNI,$208.59,$14.90,https://i.postimg.cc/qq6wDv5L/TF1126.jpg,OFERTA
TF1006,SABA CONF.MZNILL.REG C/A,10 / 10 UNI,$161.94,$16.19,https://i.postimg.cc/HL8CGZGM/TF1006.jpg,OFERTA
TF1005,SABA CONF.MZNILL.REG S/A,10 / 10 UNI,$129.31,$12.93,https://i.postimg.cc/0yBqBg4x/TF1005.jpg,OFERTA
TF0938,SABA CONF.NOC.EX.C/A MLLA,10 / 8 UNI,$158.59,$15.86,https://i.postimg.cc/2S8zt78d/TF0938.jpg,OFERTA
TF0176,SABA CONFORT DELGADA C/A,10 / 10 UNI,$173.47,$17.35,https://i.postimg.cc/k45XtNLX/TF0176.jpg,OFERTA
TF2179,SABA INTIMA 14/10,14 / 10 UNI,$175.43,$12.53,https://i.postimg.cc/2yVQTZLC/TF2179.jpg,OFERTA
TF1053,SABA INTIMA CLIP 3X2,6 / 30 UNI,$192.30,$32.05,https://i.postimg.cc/BQ7yqTBB/TF1053.jpg,OFERTA
TF1070,SABA INV.BUEN.D.C/A+2 PAQ 12,12 / 10 UNI,$186.16,$15.51,https://i.postimg.cc/2y8cYyqt/TF1070.jpg,OFERTA
TF1064,SABA INVISIBLE C/ALAS 10s,12 / 10 UNI,$198.04,$16.50,https://i.postimg.cc/6pRBDdjM/TF1064.jpg,OFERTA
TF0923,SABA INVISIBLE DESPACHADOR C/A,6 / 42 UNI,$376.10,$62.68,https://i.postimg.cc/4NG46TDS/TF0923.jpg,OFERTA
TF0985,SABA TEENS NOCTURNA C/A.,12 / 10 UNI,$317.01,$26.42,https://i.postimg.cc/nV4pcPXY/TF0985.jpg,OFERTA
TF0963,SABA ULTRA B.NOCHES C/ALA,12 / 10 UNI,$331.01,$27.58,https://i.postimg.cc/MGnz6ZBv/TF0963.jpg,OFERTA
TF1036,SABA ULTRA DELGADA NOCT,9 / 22 UNI,$475.39,$52.82,https://i.postimg.cc/NMGj7GC8/TF1036.jpg,OFERTA
TF0892,SABA ULTRA INVISIBLE ULTRADELGADA C/A,10 / 10 UNI,$228.50,$22.85,https://i.postimg.cc/rsXVY6Kz/TF0892.jpg,OFERTA
TF1531,TAMPAX SUPER PLUS 10 UNI.,12 / 10 UNI,$525.46,$43.79,https://i.postimg.cc/zX4jt0k6/TF1531.jpg,OFERTA
VC0120,HERDEZ CHAMP. TROCITOS,24 / 186 GR,$435.13,$18.13,https://i.postimg.cc/RCyK4qnn/VC0120.jpg,OFERTA
VC0203,HERDEZ CHAMP. TROCITOS,24 / 380 GR,$828.91,$34.54,https://i.postimg.cc/FHQSkqpr/VC0203.jpg,OFERTA
VC0106,HERDEZ CHAMPI#ONES ENT.,24 / 186 GR,$498.15,$20.76,https://i.postimg.cc/265h8Zwn/VC0106.jpg,OFERTA
VC0301,HERDEZ CHAMPI#ONES ENT.,24 / 380 GR,$851.78,$35.49,https://i.postimg.cc/7h2CfMTJ/VC0301.jpg,OFERTA
VC0110,HERDEZ CHAMPI#ONES REB.,12 / 800 GR,$873.52,$72.79,https://i.postimg.cc/SR29cbHs/VC0110.jpg,OFERTA
VC0108,HERDEZ CHAMPI#ONES REB.,24 / 186 GR,$455.81,$18.99,https://i.postimg.cc/ydr9J8Qt/VC0108.jpg,OFERTA
VC0302,HERDEZ CHAMPI#ONES REB.,24 / 380 GR,$853.83,$35.58,https://i.postimg.cc/yWCD9gFQ/VC0302.jpg,OFERTA
VC0432,HERDEZ CHICHAROS C/ZANAH.,24 / 400 GR,$392.26,$16.34,https://i.postimg.cc/XJXQqJcB/VC0432.jpg,OFERTA
VC0433,HERDEZ CHICHAROS FINO,24 / 400 GR,$342.44,$14.27,https://i.postimg.cc/26JTZD2c/VC0433.jpg,OFERTA
VC0428,HERDEZ CHICHAROS FINO,48 / 200 GR,$436.55,$9.09,https://i.postimg.cc/PqSSdZZk/VC0428.jpg,OFERTA
VC0220,HERDEZ ENS VEGETALES 400 GRS.,24 / 400 GR,$369.02,$15.38,https://i.postimg.cc/R0SnXH22/VC0220.jpg,OFERTA
VC1229,HERDEZ ENSALADA LEGUMBRES,24 / 400 GR,$369.21,$15.38,https://i.postimg.cc/1RKmVv4V/VC1229.jpg,OFERTA
VC1232,HERDEZ ENSALADA LEGUMBRES,48 / 215 GR,$490.48,$10.22,https://i.postimg.cc/PrrtW183/VC1232.jpg,OFERTA
VC1627,HERDEZ GARBANZO NATURAL,24 / 400 GR,$423.17,$17.63,https://i.postimg.cc/T3K58wSk/VC1627.jpg,OFERTA
VC0917,HERDEZ GRANOS DE ELOTE,24 / 200 GR,$260.06,$10.84,https://i.postimg.cc/VNkFZ6hZ/VC0917.jpg,OFERTA
VC0921,HERDEZ GRANOS DE ELOTE,24 / 400 GR,$381.72,$15.91,https://i.postimg.cc/d0NjbFPs/VC0921.jpg,OFERTA
VD3802,JLM VELADORA REP.,10 / 10 UNI,$710.70,$71.07,https://i.postimg.cc/NjPLN22M/VD3802.png,OFERTA
VD1264,JLM VILLA DEL SEÑOR LIMONERO,20 / 1 UNI,$256.47,$12.82,https://i.postimg.cc/2S1KZg4c/VD1264.png,OFERTA
VD1546,SAN JUAN ECOL SOLECITO JUMB,6 / 1 UNI,$519.48,$86.58,https://i.postimg.cc/htm0gn8R/VD1546.png,OFERTA
VD1218,SAN JUAN GEMA AZUL FINO,20 / 1 UNI,$445.94,$22.30,https://i.postimg.cc/Gt0cWkdM/VD1218.png,OFERTA
VD1244,SAN JUAN LIMONECO,20 / 1 UNI,$226.73,$11.34,https://i.postimg.cc/BQBqzLyr/VD1244.png,OFERTA
VD1369,SAN JUAN VELED C.LUZ LED,6 / 1 UNI,$496.26,$82.71,https://i.postimg.cc/8CWXyWXd/VD1369.png,OFERTA
VI0157,VINAGRE CLEMENTE JACQUES BCO 3.7L,4 / 3.7 LT,$155.79,$38.95,https://i.postimg.cc/ydrpy9YT/VI0157.jpg,OFERTA
VI0101,VINAGRE CLEMENTE JACQUES BLANCO,12 / 1 LT,$172.40,$14.37,https://i.postimg.cc/j2m9tfpj/VI0101.jpg,OFERTA
VI0805,VINAGRE LA COSTEÑA 3.75 LTS.,4 / 3.8 LT,$123.20,$30.80,https://i.postimg.cc/tRs9QNPp/VI0805.jpg,OFERTA
VI0801,VINAGRE LA COSTEÑA BLANCO,12 / 1 LT,$147.31,$12.28,https://i.postimg.cc/6q2jj38x/VI0801.jpg,OFERTA
VI0803,VINAGRE LA COSTEÑA BLANCO,24 / 535 ML,$210.43,$8.77,https://i.postimg.cc/0jTtLsSM/VI0803.jpg,OFERTA
VI0132,VINAGRE LA COSTEÑA MANZANA,24 / 535 ML,$260.27,$10.84,https://i.postimg.cc/jjcFCmpm/VI0132.jpg,OFERTA
WT9918,SONRICS DIVIERTETE MAS,1 / 1 KG,$170.64,$170.64,https://i.postimg.cc/KvphqFgy/DG9964.jpg,OFERTA
WT9885,SONRICS DIVIERTETE MAS CHOCOLATE,1 / 607 GR,$133.17,$133.17,https://i.postimg.cc/15jb0HLS/DG9985.jpg,OFERTA
WT9891,SONRICS PIÑATA MAGICA,1 / 1.4 KG,$155.00,$155.00,https://i.postimg.cc/V6mhsHbS/DG9991.jpg,OFERTA
WT7106,SONRICS PIÑATA SUPRISE,1 / 2 KG,$186.70,$186.70,https://i.postimg.cc/KvphqFgy/DG9964.jpg,OFERTA
WT5258,SONRICS ROCKALETA,1 / 18 UNI,$105.63,$105.63,https://i.postimg.cc/Hx9fQCgG/DG9966.jpg,OFERTA
WT9966,SONRICS ROCKALETA,1 / 320 GR,$35.19,$35.19,https://i.postimg.cc/PJtnc54j/DG5258.jpg,OFERTA
